step,actor/distillation/loss,actor/distillation/loss_max,actor/distillation/loss_min,actor/distillation/overlap_ratio,actor/distillation/overlap_token_advantage,actor/distillation/student_mass,actor/distillation/student_mass_max,actor/distillation/student_mass_min,actor/distillation/teacher_mass,actor/distillation/teacher_mass_max,actor/distillation/teacher_mass_min,actor/entropy,actor/grad_norm,actor/loss,actor/lr,actor/perf/cpu_memory_used_gb,actor/perf/max_memory_allocated_gb,actor/perf/max_memory_reserved_gb,actor/pg_clipfrac,actor/pg_clipfrac_lower,actor/pg_loss,actor/ppo_kl,critic/advantages/max,critic/advantages/mean,critic/advantages/min,critic/returns/max,critic/returns/mean,critic/returns/min,critic/rewards/max,critic/rewards/mean,critic/rewards/min,critic/score/max,critic/score/mean,critic/score/min,global_seqlen/balanced_max,global_seqlen/balanced_min,global_seqlen/max,global_seqlen/mean,global_seqlen/min,global_seqlen/minmax_diff,num_turns/max,num_turns/mean,num_turns/min,offline_teacher/response_len_max,offline_teacher/response_len_mean,offline_teacher/student_prompt_len_mean,offline_teacher/teacher_prompt_len_max,offline_teacher/teacher_prompt_len_mean,offline_teacher/topk,offline_teacher/use_teacher_prompt,perf/mfu/actor,perf/mfu/actor_infer,perf/throughput,perf/time_per_step,perf/total_num_tokens,prompt_length/clip_ratio,prompt_length/max,prompt_length/mean,prompt_length/min,response/aborted_ratio,response_length/clip_ratio,response_length/max,response_length/mean,response_length/min,response_length_non_aborted/clip_ratio,response_length_non_aborted/max,response_length_non_aborted/mean,response_length_non_aborted/min,timing_per_token_ms/adv,timing_per_token_ms/gen,timing_per_token_ms/update_actor,timing_s/adv,timing_s/gen,timing_s/old_log_prob,timing_s/reward,timing_s/save_checkpoint,timing_s/start_profile,timing_s/step,timing_s/stop_profile,timing_s/update_actor,timing_s/update_weights,training/epoch,training/global_step
1,0.3669819887727499,30.2524471282959,0.0,0.5922741581653727,-0.004940916864394114,0.99823476322766,1.0000004768371582,1.575745591253508e-05,0.9999999979446674,1.0,1.0,0.34088483452796936,6.168481349945068,0.36698198318481445,1e-06,136.6412124633789,27.899077892303467,37.421875,0.0,0.0,0.0,0.011854141372545013,0.0,0.0,0.0,0.0,0.0,0.0,0.0,0.0,0.0,0.0,0.0,0.0,536979.0,536979.0,536979.0,536979.0,536979.0,0.0,2.0,2.0,2.0,16384.0,4045.421875,149.7265625,415.0,149.7265625,128.0,0.0,0.07368789656533531,0.03051476700996662,362.82488860572573,369.99873552192,536979.0,0.0078125,415.0,149.7265625,87.0,0.0,0.015625,16384.0,4045.421875,342.0,0.015625,16384.0,4045.421875,342.0,1.2633210982778892e-05,0.5034440548749332,0.11274458658151149,0.006783769000321627,260.6903798310086,46.29750138707459,0.0009529909584671259,,0.00022799696307629347,369.99873552192,3.672693856060505e-05,60.54147535795346,1.3745492988964543,0.0,1.0
2,0.363443280570209,29.07769203186035,0.0,0.5960297625640343,-0.004955736269917467,0.9982731979468773,1.0000003576278687,0.0005823067622259259,0.9999999979446674,1.0,1.0,0.3322155773639679,5.820995330810547,0.3634432554244995,1e-06,153.9089241027832,34.20640420913696,43.703125,0.0,0.0,0.0,0.01363356846609506,0.0,0.0,0.0,0.0,0.0,0.0,0.0,0.0,0.0,0.0,0.0,0.0,536206.0,536206.0,536206.0,536206.0,536206.0,0.0,2.0,2.0,2.0,16384.0,4034.8125,154.296875,687.0,154.296875,128.0,0.0,0.07356926112338788,0.044606378757336244,367.3268818756885,364.937897589989,536206.0,0.0078125,687.0,154.296875,85.0,0.0,0.0078125,16384.0,4034.8125,220.0,0.0078125,16384.0,4034.8125,220.0,9.082134365290133e-06,0.5268915832424135,0.10848126824214502,0.0048698949394747615,272.11631951504387,32.04138036107179,0.0009538040030747652,,7.421395275741816e-05,364.937897589989,3.8767000660300255e-05,58.16830691904761,1.5014979999978095,0.0,2.0
3,0.35800237907096744,41.34453582763672,0.0,0.5969124993970317,-0.004822831698543121,0.998400467057382,1.0000004768371582,2.1884100078750635e-06,1.0,1.0,1.0,0.34264546632766724,5.805297374725342,0.35800236463546753,1e-06,158.29244995117188,34.20640420913696,43.703125,0.0,0.0,0.0,0.013911062006598278,0.0,0.0,0.0,0.0,0.0,0.0,0.0,0.0,0.0,0.0,0.0,0.0,570959.0,570959.0,570959.0,570959.0,570959.0,0.0,2.0,2.0,2.0,16384.0,4303.6484375,156.96875,483.0,156.96875,128.0,0.0,0.07179773845022545,0.04487230338890274,390.7129897822698,365.3314676830778,570959.0,0.0078125,483.0,156.96875,84.0,0.0,0.0078125,16384.0,4303.6484375,195.0,0.0078125,16384.0,4303.6484375,195.0,1.2189160635239009e-05,0.4839684000439554,0.1089147615030717,0.006959510967135429,266.6022206270136,34.05018658598419,0.0009514389093965292,,7.596705108880997e-05,365.3314676830778,3.689597360789776e-05,62.185863313032314,1.3456511429976672,0.0,3.0
4,0.35039668856188655,32.860469818115234,0.0,0.5923951884795879,-0.0046950873902774064,0.9982892172089939,1.0000004768371582,1.6247129863700138e-08,1.0,1.0,1.0,0.33057427406311035,5.58478307723999,0.35039669275283813,1e-06,154.6382598876953,34.5150089263916,44.099609375,0.0,0.0,0.0,0.01078058989188666,0.0,0.0,0.0,0.0,0.0,0.0,0.0,0.0,0.0,0.0,0.0,0.0,544910.0,544910.0,544910.0,544910.0,544910.0,0.0,2.0,2.0,2.0,16384.0,4105.53125,151.578125,652.0,151.578125,128.0,0.0,0.07319572200923251,0.04613672451359582,393.6013255452026,346.1052876570029,544910.0,0.0078125,652.0,151.578125,82.0,0.0,0.0234375,16384.0,4105.53125,377.0,0.0234375,16384.0,4105.53125,377.0,9.128039479252942e-06,0.47980487044730685,0.10909228381739765,0.0049739599926397204,252.14129785902333,32.01515248301439,0.0009112140396609902,,6.204994861036539e-05,346.1052876570029,4.1785999201238155e-05,59.44547637493815,1.3207310179714113,0.0,4.0
5,0.34968742029741406,42.848995208740234,0.0,0.5820303963076684,-0.004745249516300617,0.9982370541941735,1.0000004768371582,0.0002597435377538204,0.9999999980772695,1.0,1.0,0.34715762734413147,5.120260715484619,0.34968745708465576,1e-06,157.1800079345703,34.685118675231934,44.3203125,0.0,0.0,0.0,0.016163758844355,0.0,0.0,0.0,0.0,0.0,0.0,0.0,0.0,0.0,0.0,0.0,0.0,571150.0,571150.0,571150.0,571150.0,571150.0,0.0,2.0,2.0,2.0,16384.0,4308.1171875,153.9921875,443.0,153.9921875,128.0,0.0,0.0764435028038455,0.04643665553752193,383.609983232233,372.2205006160075,571150.0,0.0078125,443.0,153.9921875,87.0,0.0,0.0390625,16384.0,4308.1171875,343.0,0.0390625,16384.0,4308.1171875,343.0,8.936389869157752e-06,0.4988947178347042,0.10604458949309725,0.00510401907376945,275.11000430805143,34.03214917797595,0.0009131969418376684,,6.484601181000471e-05,372.2205006160075,3.874697722494602e-05,60.567367288982496,1.3388117980211973,0.0,5.0
6,0.35776099748909473,31.866666793823242,0.0,0.5993246529251337,-0.004800180555321276,0.9982594903558493,1.0000003576278687,0.00031499506440013647,0.9999999944120646,1.0,1.0,0.36278587579727173,5.259551525115967,0.3577609956264496,1e-06,155.10226821899414,34.685118675231934,44.3203125,0.0,0.0,0.0,0.01747359686123673,0.0,0.0,0.0,0.0,0.0,0.0,0.0,0.0,0.0,0.0,0.0,0.0,587567.0,587567.0,587567.0,587567.0,587567.0,0.0,2.0,2.0,2.0,16384.0,4422.7421875,167.625,1151.0,167.625,128.0,0.0,0.07290482851434543,0.045374294009054815,394.80948333216395,372.0572990300134,587567.0,0.0078125,1151.0,167.625,82.0,0.0,0.015625,16384.0,4422.7421875,182.0,0.015625,16384.0,4422.7421875,182.0,9.314209269153097e-06,0.47692661856256935,0.10894388089702643,0.0054727219976484776,269.9934049610747,35.421958507969975,0.0009791019838303328,,6.913789547979832e-05,372.0572990300134,4.033197183161974e-05,64.01182926702313,1.4074175610439852,0.0,6.0
7,0.35708904918283224,28.101818084716797,0.0,0.5953443984190623,-0.004830188707758983,0.9981778144836426,1.0000004768371582,0.001291297492571175,0.999999996026357,1.0,1.0,0.3639586567878723,4.919785976409912,0.3570890426635742,1e-06,155.6261444091797,34.685118675231934,44.3203125,0.0,0.0,0.0,0.014048053013781706,0.0,0.0,0.0,0.0,0.0,0.0,0.0,0.0,0.0,0.0,0.0,0.0,544263.0,544263.0,544263.0,544263.0,544263.0,0.0,2.0,2.0,2.0,16384.0,4093.5859375,158.46875,370.0,158.46875,128.0,0.0,0.07476203670837653,0.046723320282638474,401.38648984735056,338.9893617290072,544263.0,0.0078125,370.0,158.46875,78.0,0.0,0.015625,16384.0,4093.5859375,338.0,0.015625,16384.0,4093.5859375,338.0,9.41439696068197e-06,0.4714782018555324,0.10620768233923712,0.005123907933011651,247.04467673006002,31.62693725898862,0.0010128490393981338,,6.334797944873571e-05,338.9893617290072,3.605394158512354e-05,57.80491181300022,1.3279571880120784,0.0,7.0
8,0.33908260660246015,34.306793212890625,0.0,0.5921651967640581,-0.004610252325776322,0.998418600394808,1.0000003576278687,1.1961667767401707e-11,0.9999999979446674,1.0,1.0,0.33789509534835815,4.870709419250488,0.33908259868621826,1e-06,156.02800369262695,34.685118675231934,44.3203125,0.0,0.0,0.0,0.012420927591878793,0.0,0.0,0.0,0.0,0.0,0.0,0.0,0.0,0.0,0.0,0.0,0.0,530590.0,530590.0,530590.0,530590.0,530590.0,0.0,2.0,2.0,2.0,16384.0,3997.265625,147.96875,319.0,147.96875,128.0,0.0,0.07565108818746424,0.04563254579714588,405.70402101330114,326.9563354799757,530590.0,0.0078125,319.0,147.96875,83.0,0.0,0.0234375,16384.0,3997.265625,262.0,0.0234375,16384.0,3997.265625,262.0,9.432854068552469e-06,0.46319873576457216,0.10521339644729033,0.005004978040233254,236.99563315394334,31.626455840887502,0.002604466979391873,,6.233493331819773e-05,326.9563354799757,3.798294346779585e-05,55.825176020967774,1.323330421000719,0.0,8.0
9,0.34122929349541664,43.440757751464844,0.0,0.5772188206513723,-0.004692505626007914,0.9978171249230703,1.0000004768371582,1.3093751343590254e-12,0.9999999980131785,1.0,1.0,0.38451412320137024,3.7349960803985596,0.34122928977012634,1e-06,158.45751190185547,35.00201368331909,44.716796875,0.0,0.0,0.0,0.017826845599726464,0.0,0.0,0.0,0.0,0.0,0.0,0.0,0.0,0.0,0.0,0.0,0.0,569960.0,569960.0,569960.0,569960.0,569960.0,0.0,2.0,2.0,2.0,16384.0,4298.65625,154.15625,565.0,154.15625,128.0,0.0,0.07517130214239905,0.046621534509197766,392.9547467395663,362.6117286590161,569960.0,0.0078125,565.0,154.15625,79.0,0.0,0.03125,16384.0,4298.65625,209.0,0.03125,16384.0,4298.65625,209.0,1.2486084941553688e-05,0.4802366899048886,0.10839657766321416,0.00711656897328794,264.23967341298703,33.99656750098802,0.000959057011641562,,7.674598600715399e-05,362.6117286590161,4.0255021303892136e-05,61.78171340492554,1.3809212390333414,0.0,9.0
10,0.3438647650182247,35.45069122314453,0.0,0.5914109964524547,-0.004680480687848983,0.9978758577377566,1.0000004768371582,0.0005394119652919471,0.9999999903863476,1.0,1.0,0.39938387274742126,3.725832462310791,0.343864768743515,1e-06,155.83457946777344,35.00201368331909,44.716796875,0.0,0.0,0.0,0.02793858726809342,0.0,0.0,0.0,0.0,0.0,0.0,0.0,0.0,0.0,0.0,0.0,0.0,566611.0,566611.0,566611.0,566611.0,566611.0,0.0,2.0,2.0,2.0,16384.0,4270.0390625,156.609375,300.0,156.609375,128.0,0.0,0.0771824186151826,0.04577574029363823,405.15983365207916,349.62189791409764,566611.0,0.0078125,300.0,156.609375,81.0,0.0,0.0234375,16384.0,4270.0390625,256.0,0.0234375,16384.0,4270.0390625,256.0,8.797960084806795e-06,0.4647152962392068,0.10400779098377157,0.004985020961612463,253.99711588898208,33.889001006959006,0.0009776729857549071,,9.403401054441929e-05,349.62189791409764,4.486297257244587e-05,58.93195845710579,1.601432021940127,0.0,10.0
11,0.30291826790198684,32.69060516357422,0.0,0.5841389771770028,-0.004074571674744434,0.9980505880187539,1.0000003576278687,0.0004760275478474796,0.9999999982469222,1.0,1.0,0.36155760288238525,3.1746509075164795,0.3029182553291321,1e-06,155.70845794677734,35.00201368331909,44.716796875,0.0,0.0,0.0,0.006026815583669197,0.0,0.0,0.0,0.0,0.0,0.0,0.0,0.0,0.0,0.0,0.0,0.0,627709.0,627709.0,627709.0,627709.0,627709.0,0.0,2.0,2.0,2.0,16384.0,4745.90625,158.0703125,425.0,158.0703125,128.0,0.0,0.07566832451889668,0.04668936470253127,394.25593851880376,398.0339537549298,627709.0,0.0078125,425.0,158.0703125,88.0,0.0,0.046875,16384.0,4745.90625,346.0,0.046875,16384.0,4745.90625,346.0,8.579553598225325e-06,0.47888974623699565,0.10715931447842858,0.00538546300958842,290.91402748506516,37.315677011036314,0.0009654930327087641,,7.327203638851643e-05,398.0339537549298,3.845000173896551e-05,67.26486613193993,1.3283273139968514,0.0,11.0
12,0.3201825716532767,28.91609001159668,0.0,0.5833271164447069,-0.00432422365702223,0.9979612436145544,1.0000004768371582,7.043745031687365e-10,0.9999999944120646,1.0,1.0,0.37121713161468506,3.4539802074432373,0.32018256187438965,1e-06,155.73553848266602,35.00201368331909,44.716796875,0.0,0.0,0.0,0.020733117329655215,0.0,0.0,0.0,0.0,0.0,0.0,0.0,0.0,0.0,0.0,0.0,0.0,593289.0,593289.0,593289.0,593289.0,593289.0,0.0,2.0,2.0,2.0,16384.0,4474.890625,160.1796875,936.0,160.1796875,128.0,0.0,0.08006438644242216,0.047649424679001566,391.00786491782225,379.33316259807907,593289.0,0.0078125,936.0,160.1796875,82.0,0.0,0.0546875,16384.0,4474.890625,314.0,0.0546875,16384.0,4474.890625,314.0,8.950312647125424e-06,0.4915236046394026,0.10201252830223795,0.005310122040100396,281.53783940698486,34.706037994939834,0.0009477359708398581,,6.498198490589857e-05,379.33316259807907,3.991497214883566e-05,60.52291090390645,1.331499959109351,0.0,12.0
13,0.33719396218657494,33.9576530456543,0.0,0.5856053329283192,-0.004559386957196459,0.997643566900684,1.0000003576278687,0.0026603725273162127,0.9999999980772695,1.0,1.0,0.4244033396244049,3.436060667037964,0.33719396591186523,1e-06,155.19002532958984,35.00201368331909,44.716796875,0.0,0.0,0.0,0.01263818931165001,0.0,0.0,0.0,0.0,0.0,0.0,0.0,0.0,0.0,0.0,0.0,0.0,577529.0,577529.0,577529.0,577529.0,577529.0,0.0,2.0,2.0,2.0,16384.0,4360.7890625,151.15625,332.0,151.15625,128.0,0.0,0.07570116180001274,0.045655234839362346,383.505184312019,376.4805689889472,577529.0,0.0078125,332.0,151.15625,84.0,0.0,0.0234375,16384.0,4360.7890625,332.0,0.0234375,16384.0,4360.7890625,332.0,8.666860063654874e-06,0.49878397409441677,0.1056615142096514,0.005005363025702536,278.41173744399566,34.5303108219523,0.00096286297775805,,6.577197927981615e-05,376.4805689889472,3.914209082722664e-05,61.02258863998577,1.3169927179114893,0.0,13.0
14,0.3194770193658769,28.832134246826172,0.0,0.5872875471268931,-0.0044035348485434245,0.9978839812740203,1.0000003576278687,2.982006819252092e-08,0.9999999980772695,1.0,1.0,0.37064433097839355,3.2056472301483154,0.31947702169418335,1e-06,161.17457580566406,35.00201368331909,44.716796875,0.0,0.0,0.0,0.02434145148483015,0.0,0.0,0.0,0.0,0.0,0.0,0.0,0.0,0.0,0.0,0.0,0.0,576287.0,576287.0,576287.0,576287.0,576287.0,0.0,2.0,2.0,2.0,16384.0,4338.421875,163.8203125,886.0,163.8203125,128.0,0.0,0.07400099988357667,0.045422343625417506,391.6865537943088,367.82408945204224,576287.0,0.0078125,886.0,163.8203125,82.0,0.0,0.0234375,16384.0,4338.421875,397.0,0.0234375,16384.0,4338.421875,397.0,8.563953530474681e-06,0.4842500902240014,0.10745404935220565,0.004935295088216662,268.912791603012,34.39897188497707,0.000933020026423037,,5.841196980327368e-05,367.82408945204224,3.890006337314844e-05,61.92437173903454,1.3469923100201413,0.0,14.0
15,0.3145847264677286,31.568334579467773,0.0,0.5952587053179741,-0.004183565833955072,0.9979430418461561,1.0000004768371582,2.6306311156076845e-06,0.9999999962747097,1.0,1.0,0.40921998023986816,3.0044939517974854,0.31458473205566406,1e-06,157.1836166381836,35.00201368331909,44.716796875,0.0,0.0,0.0,0.012167792209766048,0.0,0.0,0.0,0.0,0.0,0.0,0.0,0.0,0.0,0.0,0.0,0.0,590974.0,590974.0,590974.0,590974.0,590974.0,0.0,2.0,2.0,2.0,16384.0,4455.796875,161.1875,419.0,161.1875,128.0,0.0,0.07597974929872468,0.04688501939885271,399.41284167107824,369.9017272000201,590974.0,0.0078125,419.0,161.1875,84.0,0.0,0.0234375,16384.0,4455.796875,247.0,0.0234375,16384.0,4455.796875,247.0,8.440905879678022e-06,0.4747384031178165,0.10510928493308033,0.004988355911336839,270.7632503110217,34.518190520000644,0.0009812549687922,,5.835504271090031e-05,369.9017272000201,3.935105632990599e-05,62.11685455404222,1.3263045269995928,0.0,15.0
16,0.3019217844121158,34.792293548583984,0.0,0.5736462245969212,-0.004112170844831888,0.9977601854240193,1.0000004768371582,1.2117327514715726e-06,0.9999999982469222,1.0,1.0,0.36887088418006897,2.8835577964782715,0.3019217848777771,1e-06,156.44666290283203,35.49337863922119,45.39453125,0.0,0.0,0.0,0.02217945591238437,0.0,0.0,0.0,0.0,0.0,0.0,0.0,0.0,0.0,0.0,0.0,0.0,645719.0,645719.0,645719.0,645719.0,645719.0,0.0,2.0,2.0,2.0,16384.0,4881.4765625,163.203125,580.0,163.203125,128.0,0.0,0.07722182414787432,0.047833061065645645,396.1280868032931,407.5190711739706,645719.0,0.0078125,580.0,163.203125,93.0,0.0,0.0625,16384.0,4881.4765625,243.0,0.0625,16384.0,4881.4765625,243.0,7.807958267799211e-06,0.477732473155142,0.10603604436594427,0.005041747004725039,298.5011034690542,37.99304970004596,0.000934779061935842,,5.8894045650959015e-05,407.5190711739706,3.6931014619767666e-05,68.46948853193317,1.3173047240125015,0.0,16.0
17,0.28500569611787796,27.727262496948242,0.0,0.5851723572303509,-0.0038134461943188616,0.9975075660080746,1.0000004768371582,6.128737004473805e-05,0.9999999958893349,1.0,1.0,0.4277437925338745,1.8858683109283447,0.28500568866729736,1e-06,157.41233825683594,35.49337863922119,45.39453125,0.0,0.0,0.0,0.014195781384779397,0.0,0.0,0.0,0.0,0.0,0.0,0.0,0.0,0.0,0.0,0.0,0.0,544827.0,544827.0,544827.0,544827.0,544827.0,0.0,2.0,2.0,2.0,16384.0,4101.21875,155.2421875,305.0,155.2421875,128.0,0.0,0.0725040592030653,0.04725986932835024,394.0724536360484,345.6388507829979,544827.0,0.0078125,305.0,155.2421875,79.0,0.0,0.03125,16384.0,4101.21875,326.0,0.03125,16384.0,4101.21875,326.0,9.175866961202512e-06,0.47743884605559767,0.11135421100809821,0.004999260068871081,250.63438686996233,31.838315346976742,0.0009573550196364522,,7.53180356696248e-05,345.6388507829979,3.629398997873068e-05,60.668780720909126,1.3139372939476743,0.0,17.0
18,0.2757441778667271,33.64730453491211,0.0,0.5837098189762661,-0.003708494793889778,0.997532531619072,1.0000004768371582,6.013501518964404e-08,0.9999999978712627,1.0,1.0,0.4227941632270813,1.693353295326233,0.27574416995048523,1e-06,157.40993118286133,35.49337863922119,45.39453125,0.0,0.0,0.0,0.01599432477087248,0.0,0.0,0.0,0.0,0.0,0.0,0.0,0.0,0.0,0.0,0.0,0.0,521520.0,521520.0,521520.0,521520.0,521520.0,0.0,2.0,2.0,2.0,16384.0,3908.0546875,166.3203125,906.0,166.3203125,128.0,0.0,0.07574237128762545,0.04628499876663641,374.0866050474529,348.5289188140305,521520.0,0.0078125,906.0,166.3203125,83.0,0.0,0.0234375,16384.0,3908.0546875,229.0,0.0234375,16384.0,3908.0546875,229.0,9.561821299474067e-06,0.5205162772638252,0.10525082036345353,0.004986681044101715,260.37837789196055,30.723733311984688,0.0009124659700319171,,7.072498556226492e-05,348.5289188140305,4.007609095424414e-05,54.89040783594828,1.315156075055711,0.0,18.0
19,0.2816261029802263,33.194183349609375,0.0,0.5942155144044331,-0.0037189056165516376,0.997498903955732,1.0000003576278687,0.00120479182805866,0.9999999978712627,1.0,1.0,0.4475688338279724,1.7253879308700562,0.2816261053085327,1e-06,155.75439834594727,35.49337863922119,45.39453125,0.0,0.0,0.0,0.01523412297865434,0.0,0.0,0.0,0.0,0.0,0.0,0.0,0.0,0.0,0.0,0.0,0.0,517755.0,517755.0,517755.0,517755.0,517755.0,0.0,2.0,2.0,2.0,16384.0,3881.9453125,163.015625,509.0,163.015625,128.0,0.0,0.0740000624472307,0.04569844678275884,389.72895414020616,332.12505415605847,517755.0,0.0078125,509.0,163.015625,81.0,0.0,0.0078125,16384.0,3881.9453125,378.0,0.0078125,16384.0,3881.9453125,378.0,9.511058380927374e-06,0.489907237197681,0.10738306637896051,0.004924398032017052,243.4295171839185,30.52621854399331,0.0009115460561588407,,7.628591265529394e-05,332.12505415605847,4.107400309294462e-05,55.5981195330387,1.402428389992565,0.0,19.0
20,0.2767292484641075,27.4044132232666,0.0,0.5936749100685119,-0.0036235921472931904,0.997649747133255,1.0000003576278687,0.0009988639503717422,1.0,1.0,1.0,0.4467696249485016,1.643136978149414,0.2767292559146881,1e-06,156.22550201416016,35.49337863922119,45.39453125,0.0,0.0,0.0,0.01469126478380834,0.0,0.0,0.0,0.0,0.0,0.0,0.0,0.0,0.0,0.0,0.0,0.0,562318.0,562318.0,562318.0,562318.0,562318.0,0.0,2.0,2.0,2.0,16384.0,4239.0859375,154.0234375,358.0,154.0234375,128.0,0.0,0.07507009621424936,0.04592237216408108,334.3725848217976,420.42770963092335,562318.0,0.0078125,358.0,154.0234375,83.0,0.0,0.0234375,16384.0,4239.0859375,252.0,0.0234375,16384.0,4239.0859375,252.0,9.549889919082605e-06,0.5131015745010283,0.10622187789301242,0.0053700749995186925,278.4104536289815,33.19353926903568,0.0009772070916369557,46.22962418093812,6.363599095493555e-05,420.42770963092335,3.772799391299486e-05,59.73047393304296,1.6914777479832992,0.0,20.0
21,0.27639325615018606,28.15496253967285,0.0,0.590313890287953,-0.0036162474312849582,0.9975556846587889,1.0000004768371582,0.0007801493047736585,0.9999999980772695,1.0,1.0,0.44997236132621765,1.5787909030914307,0.27639323472976685,1e-06,155.19382095336914,35.49337863922119,45.39453125,0.0,0.0,0.0,0.0161678365228938,0.0,0.0,0.0,0.0,0.0,0.0,0.0,0.0,0.0,0.0,0.0,0.0,566205.0,566205.0,566205.0,566205.0,566205.0,0.0,2.0,2.0,2.0,16384.0,4269.5234375,153.953125,366.0,153.953125,128.0,0.0,0.07511810649470574,0.04551873751476248,406.88880211308776,347.8868164099986,566205.0,0.0078125,366.0,153.953125,85.0,0.0,0.0234375,16384.0,4269.5234375,340.0,0.0234375,16384.0,4269.5234375,340.0,1.216167112400743e-05,0.46035447583252564,0.10588820504587805,0.006885998998768628,251.58326068799943,33.75794646597933,0.0009676419431343675,,6.056297570466995e-05,347.8868164099986,3.730598837137222e-05,59.95443113800138,1.4243525490164757,0.0,21.0
22,0.29062834149226546,33.11662292480469,0.0,0.5849098722139995,-0.003877256189783414,0.9969825963179271,1.0000004768371582,0.0008440922829322517,0.9999999980131785,1.0,1.0,0.47574183344841003,1.5817651748657227,0.2906283438205719,1e-06,154.84191131591797,35.49337863922119,45.39453125,0.0,0.0,0.0,0.01573086131053666,0.0,0.0,0.0,0.0,0.0,0.0,0.0,0.0,0.0,0.0,0.0,0.0,565979.0,565979.0,565979.0,565979.0,565979.0,0.0,2.0,2.0,2.0,16384.0,4252.1875,169.5234375,1024.0,169.5234375,128.0,0.0,0.07525880949817162,0.046130046925407474,394.69958785248696,358.48719977098517,565979.0,0.0078125,1024.0,169.5234375,77.0,0.0,0.03125,16384.0,4252.1875,379.0,0.03125,16384.0,4252.1875,379.0,9.006807604789079e-06,0.4806244409239001,0.1072343957073083,0.005097663961350918,261.59427070606034,33.68933008599561,0.0009136250009760261,,6.265297997742891e-05,358.48719977098517,3.647094126790762e-05,60.692416048026644,1.325214572949335,0.0,22.0
23,0.2861076034605503,30.659358978271484,0.0,0.5957777156279638,-0.0037618808878155854,0.9975922199395987,1.0000003576278687,0.0011209928197786212,1.0,1.0,1.0,0.45285382866859436,1.6778217554092407,0.28610759973526,1e-06,156.16228866577148,35.49337863922119,45.39453125,0.0,0.0,0.0,0.016878554593019474,0.0,0.0,0.0,0.0,0.0,0.0,0.0,0.0,0.0,0.0,0.0,0.0,484597.0,484597.0,484597.0,484597.0,484597.0,0.0,2.0,2.0,2.0,16384.0,3635.8203125,150.09375,595.0,150.09375,128.0,0.0,0.07320602624711564,0.0447397985090536,394.55200922646884,307.0552098759217,484597.0,0.0078125,595.0,150.09375,81.0,0.0,0.0078125,16384.0,3635.8203125,341.0,0.0078125,16384.0,3635.8203125,341.0,1.0149249802430002e-05,0.4800853866670783,0.10734952238047983,0.0049182960065081716,223.42453767405823,29.08588886295911,0.0009656830225139856,,7.049401756376028e-05,307.0552098759217,4.145002458244562e-05,52.02125649701338,1.333302429993637,0.0,23.0
24,0.282393338624388,27.359905242919922,0.0,0.5808049863384616,-0.003800714035488425,0.9971362890735749,1.0000004768371582,3.594996451283805e-05,0.9999999980772695,1.0,1.0,0.4556857943534851,1.4932236671447754,0.28239333629608154,1e-06,158.03737258911133,35.49337863922119,45.39453125,0.0,0.0,0.0,0.019828217293721653,0.0,0.0,0.0,0.0,0.0,0.0,0.0,0.0,0.0,0.0,0.0,0.0,580626.0,580626.0,580626.0,580626.0,580626.0,0.0,2.0,2.0,2.0,16384.0,4375.140625,161.0,552.0,161.0,128.0,0.0,0.07590056383196264,0.04586617958038442,397.6324127202529,365.0519810670521,580626.0,0.0078125,552.0,161.0,83.0,0.0,0.0390625,16384.0,4375.140625,211.0,0.0390625,16384.0,4375.140625,211.0,8.531312719184307e-06,0.47554781406483226,0.10596226439727673,0.004953501978889108,266.31533573695924,34.69149997108616,0.0010033620055764914,,6.52029411867261e-05,365.0519810670521,3.6797020584344864e-05,61.5244457279332,1.3132698609260842,0.0,24.0
25,0.2862054971046746,31.480831146240234,0.0,0.5932009261229942,-0.003822272258072064,0.9971812552419203,1.0000004768371582,2.2983995506820065e-07,0.9999999979446674,1.0,1.0,0.47453105449676514,1.4438728094100952,0.2862055003643036,1e-06,158.11042404174805,35.49337863922119,45.39453125,0.0,0.0,0.0,0.012308906300639702,0.0,0.0,0.0,0.0,0.0,0.0,0.0,0.0,0.0,0.0,0.0,0.0,541821.0,541821.0,541821.0,541821.0,541821.0,0.0,2.0,2.0,2.0,16384.0,4081.1328125,151.84375,336.0,151.84375,128.0,0.0,0.07320981992902847,0.04649434736819515,392.01607556619274,345.53493706695735,541821.0,0.0078125,336.0,151.84375,81.0,0.0,0.0078125,16384.0,4081.1328125,309.0,0.0078125,16384.0,4081.1328125,309.0,9.025517654481848e-06,0.48518344202276975,0.10733485815227899,0.004890215001069009,253.4525523610646,31.399492688011378,0.0009131960105150938,,7.337401621043682e-05,345.53493706695735,3.775395452976227e-05,58.156280178925954,1.3385100770974532,0.0,25.0
26,0.27322081197053194,30.95984649658203,0.0,0.5856671531995138,-0.003629380837082863,0.9972383797168731,1.0000004768371582,0.0009108060039579868,1.0,1.0,1.0,0.45462265610694885,1.3577109575271606,0.27322080731391907,1e-06,159.22874450683594,35.49337863922119,45.39453125,0.0,0.0,0.0,0.020050987546953062,0.0,0.0,0.0,0.0,0.0,0.0,0.0,0.0,0.0,0.0,0.0,0.0,558182.0,558182.0,558182.0,558182.0,558182.0,0.0,2.0,2.0,2.0,16384.0,4204.2109375,156.5859375,412.0,156.5859375,128.0,0.0,0.07463101188426477,0.045735207371306597,391.56870642336776,356.3755165080074,558182.0,0.0078125,412.0,156.5859375,85.0,0.0,0.03125,16384.0,4204.2109375,375.0,0.03125,16384.0,4204.2109375,375.0,9.4563815828545e-06,0.48480972126534444,0.10708755740775229,0.005278381984680891,260.8950185920112,33.15836333099287,0.0009235020261257887,,7.214106153696775e-05,356.3755165080074,4.116096533834934e-05,59.77434696897399,1.3410746039589867,0.0,26.0
27,0.2833449593745172,26.98345947265625,0.0,0.5879410356283188,-0.0037773297018637614,0.9971736924988883,1.0000004768371582,0.0009320864919573069,1.0,1.0,1.0,0.467453271150589,1.4869699478149414,0.28334498405456543,1e-06,158.0360870361328,35.49337863922119,45.39453125,0.0,0.0,0.0,0.022671435968991967,0.0,0.0,0.0,0.0,0.0,0.0,0.0,0.0,0.0,0.0,0.0,0.0,514240.0,514240.0,514240.0,514240.0,514240.0,0.0,2.0,2.0,2.0,16384.0,3860.9375,156.5625,497.0,156.5625,128.0,0.0,0.07686822780917746,0.04608690383152104,403.36583299033305,318.718120091944,514240.0,0.0078125,497.0,156.5625,82.0,0.0,0.03125,16384.0,3860.9375,207.0,0.03125,16384.0,3860.9375,207.0,1.0593172411466807e-05,0.4700573336847318,0.10402218426224806,0.005447432980872691,232.30233430699445,30.383062251028605,0.0009098340524360538,,7.194897625595331e-05,318.718120091944,3.947503864765167e-05,53.492368035018444,1.3123169210739434,0.0,27.0
28,0.2844931804575026,26.801624298095703,0.0,0.5915710727373759,-0.0037995315234487254,0.9971035778522491,1.0000004768371582,0.0007793293334543705,0.9999999980131785,1.0,1.0,0.471566766500473,1.389251947402954,0.28449317812919617,1e-06,159.9476547241211,35.49337863922119,45.39453125,0.0,0.0,0.0,0.0180952356706257,0.0,0.0,0.0,0.0,0.0,0.0,0.0,0.0,0.0,0.0,0.0,0.0,556181.0,556181.0,556181.0,556181.0,556181.0,0.0,2.0,2.0,2.0,16384.0,4192.765625,152.3984375,305.0,152.3984375,128.0,0.0,0.07376463285818063,0.04601379109605203,379.02189212508324,366.85282008489594,556181.0,0.0078125,305.0,152.3984375,82.0,0.0,0.015625,16384.0,4192.765625,316.0,0.015625,16384.0,4192.765625,316.0,9.729151168499088e-06,0.5057650709649606,0.10767713678640374,0.005411169026046991,271.4309636950493,32.88361323601566,0.0009747830918058753,,6.700202357023954e-05,366.85282008489594,4.487507976591587e-05,59.88797761499882,1.4206519500585273,0.0,28.0
29,0.2735242135822773,25.829198837280273,0.0,0.5961207946141561,-0.003597997757606208,0.9975326716899872,1.0000004768371582,9.342397970613092e-05,0.999999996026357,1.0,1.0,0.46210944652557373,1.3372454643249512,0.2735242247581482,1e-06,159.13079452514648,35.49337863922119,45.39453125,0.0,0.0,0.0,0.014011624502018094,0.0,0.0,0.0,0.0,0.0,0.0,0.0,0.0,0.0,0.0,0.0,0.0,554383.0,554383.0,554383.0,554383.0,554383.0,0.0,2.0,2.0,2.0,16384.0,4157.1796875,173.9375,1277.0,173.9375,128.0,0.0,0.07428793365138302,0.045788063828149574,396.6597287753146,349.40716171998065,554383.0,0.0078125,1277.0,173.9375,90.0,0.0,0.0078125,16384.0,4157.1796875,466.0,0.0078125,16384.0,4157.1796875,466.0,8.8180084657307e-06,0.47983434816657333,0.10572274931409095,0.004888553987257183,255.32897351204883,32.80361961899325,0.000998215051367879,,5.850405432283878e-05,349.40716171998065,3.6588055081665516e-05,58.61089493299369,1.376646858989261,0.0,29.0
30,0.2683247267268598,28.974082946777344,0.0,0.5939678179806677,-0.003517024363551674,0.9973478070620833,1.0000004768371582,0.0005251056863926351,0.9999999979446674,1.0,1.0,0.46732866764068604,1.1547914743423462,0.26832473278045654,1e-06,152.98120498657227,35.49337863922119,45.39453125,0.0,0.0,0.0,0.0174026781219411,0.0,0.0,0.0,0.0,0.0,0.0,0.0,0.0,0.0,0.0,0.0,0.0,538974.0,538974.0,538974.0,538974.0,538974.0,0.0,2.0,2.0,2.0,16384.0,4063.1796875,147.5546875,296.0,147.5546875,128.0,0.0,0.07164654425625173,0.04521540867793005,387.5399917317847,347.6892782029463,538974.0,0.0078125,296.0,147.5546875,77.0,0.0,0.015625,16384.0,4063.1796875,277.0,0.015625,16384.0,4063.1796875,277.0,9.812079960360212e-06,0.4869279014166712,0.11043661306485897,0.005288455984555185,253.24487146409228,32.3697723899968,0.000917313969694078,,6.7482003942132e-05,347.6892782029463,3.7575955502688885e-05,59.5224630900193,1.3533348010387272,0.0,30.0
31,0.27817958407104015,28.800601959228516,0.0,0.5878848936408758,-0.0036653450442827307,0.9968410767614841,1.0000004768371582,0.0002570980868767947,1.0,1.0,1.0,0.4977821707725525,1.0666358470916748,0.2781795859336853,1e-06,166.4440803527832,35.49337863922119,45.39453125,0.0,0.0,0.0,0.017793605831684545,0.0,0.0,0.0,0.0,0.0,0.0,0.0,0.0,0.0,0.0,0.0,0.0,592429.0,592429.0,592429.0,592429.0,592429.0,0.0,2.0,2.0,2.0,16384.0,4471.6875,156.6640625,377.0,156.6640625,128.0,0.0,0.07510658750670952,0.04667580546391006,394.4004320890804,375.5250703339698,592429.0,0.0078125,377.0,156.6640625,86.0,0.0,0.0390625,16384.0,4471.6875,277.0,0.0390625,16384.0,4471.6875,277.0,9.026104279558438e-06,0.4781437828438773,0.10860876389241474,0.005347325932234526,273.6780258490471,34.88602961401921,0.000936556956730783,,5.949800834059715e-05,375.5250703339698,3.833603113889694e-05,64.34298138401937,1.4798964320216328,0.0,31.0
32,0.25593918934464455,28.176433563232422,0.0,0.5941540837287903,-0.0033740999720369776,0.9971408208211263,1.0000004768371582,0.0009355673682875931,0.9999999940395355,1.0,1.0,0.4770333468914032,0.8423349261283875,0.25593918561935425,1e-06,230.96022033691406,35.49337863922119,45.39453125,0.0,0.0,0.0,0.01495159039623104,0.0,0.0,0.0,0.0,0.0,0.0,0.0,0.0,0.0,0.0,0.0,0.0,564437.0,564437.0,564437.0,564437.0,564437.0,0.0,2.0,2.0,2.0,16384.0,4258.015625,151.6484375,338.0,151.6484375,128.0,0.0,0.07390964347240937,0.04560426744159924,382.65229010977714,368.7662497969577,564437.0,0.0078125,338.0,151.6484375,84.0,0.0,0.0234375,16384.0,4258.015625,262.0,0.0234375,16384.0,4258.015625,262.0,9.024277273133593e-06,0.49787305440841606,0.1082806059595581,0.005093635991215706,271.35375935200136,33.65624550101347,0.0009667000267654657,,6.055098492652178e-05,368.7662497969577,3.7041958421468735e-05,61.1175803859951,1.4888933749170974,0.0,32.0
33,0.27104416117072105,34.08714294433594,0.0,0.588383952776591,-0.003615652397274971,0.9965569039185842,1.0000004768371582,1.5378493571915897e-06,0.9999999980131785,1.0,1.0,0.5076110363006592,0.9221720695495605,0.27104416489601135,1e-06,180.00149154663086,35.49337863922119,45.39453125,0.0,0.0,0.0,0.017200157531381894,0.0,0.0,0.0,0.0,0.0,0.0,0.0,0.0,0.0,0.0,0.0,0.0,564976.0,564976.0,564976.0,564976.0,564976.0,0.0,2.0,2.0,2.0,16384.0,4248.4921875,165.3828125,313.0,165.3828125,128.0,0.0,0.07549233424004066,0.044963655011216234,397.73985309340196,355.11653886700515,564976.0,0.0078125,313.0,165.3828125,88.0,0.0,0.0234375,16384.0,4248.4921875,271.0,0.0234375,16384.0,4248.4921875,271.0,9.32435181472649e-06,0.4752537102410082,0.10608865548623271,0.005268034990876913,258.44629440503195,34.167723193066195,0.0010023299837484956,,7.672293577343225e-05,355.11653886700515,3.882800228893757e-05,59.93754422198981,1.371485656942241,0.0,33.0
34,0.2538359798491001,34.08158874511719,0.0,0.5964822460865152,-0.003306072935911602,0.9968719276888617,1.0000004768371582,0.0002841447130776942,0.9999999958893349,1.0,1.0,0.4981904923915863,0.8858915567398071,0.2538359761238098,1e-06,190.28956985473633,35.49337863922119,45.39453125,0.0,0.0,0.0,0.01030275550598664,0.0,0.0,0.0,0.0,0.0,0.0,0.0,0.0,0.0,0.0,0.0,0.0,544672.0,544672.0,544672.0,544672.0,544672.0,0.0,2.0,2.0,2.0,16384.0,4101.15625,154.09375,389.0,154.09375,128.0,0.0,0.07191256880878671,0.04551851358630968,393.2538121828834,346.25983469595667,544672.0,0.0078125,389.0,154.09375,78.0,0.0,0.0078125,16384.0,4101.15625,197.0,0.0078125,16384.0,4101.15625,197.0,1.3162963944995313e-05,0.47953758351123227,0.1098862077012203,0.007169497897848487,251.73229538905434,32.093334637000225,0.0025892809499055147,,7.76549568399787e-05,346.25983469595667,4.081497900187969e-05,59.85194052103907,1.3572335200151429,0.0,34.0
35,0.25414814660325646,24.79720687866211,0.0,0.575681992115513,-0.003426063257539945,0.996173128004997,1.0000004768371582,7.596363866468892e-05,1.0,1.0,1.0,0.4896875321865082,0.9352055191993713,0.2541481554508209,1e-06,221.50782012939453,35.49337863922119,45.39453125,0.0,0.0,0.0,0.01248004982217906,0.0,0.0,0.0,0.0,0.0,0.0,0.0,0.0,0.0,0.0,0.0,0.0,571930.0,571930.0,571930.0,571930.0,571930.0,0.0,2.0,2.0,2.0,16384.0,4312.7265625,155.4765625,384.0,155.4765625,128.0,0.0,0.07570874671940933,0.046179075224541205,379.64797091905234,376.61863345105667,571930.0,0.0078125,384.0,155.4765625,87.0,0.0,0.0390625,16384.0,4312.7265625,192.0,0.0390625,16384.0,4312.7265625,192.0,1.2855935345010905e-05,0.5025586291082547,0.10826015519907232,0.0073526951018720865,277.4269374680007,34.78213561302982,0.001112325000576675,,7.833202835172415e-05,376.61863345105667,4.3169944547116756e-05,61.91723056300543,1.3516066109295934,0.0,35.0
36,0.24509001383557916,35.439117431640625,0.0,0.5766281962394715,-0.0033041166607290506,0.996388362135206,1.0000004768371582,1.913929736474529e-06,0.9999999965940203,1.0,1.0,0.46640464663505554,0.9113088250160217,0.24509000778198242,1e-06,185.68657684326172,35.49337863922119,45.39453125,0.0,0.0,0.0,0.013726005197635718,0.0,0.0,0.0,0.0,0.0,0.0,0.0,0.0,0.0,0.0,0.0,0.0,660451.0,660451.0,660451.0,660451.0,660451.0,0.0,2.0,2.0,2.0,16384.0,4993.1484375,166.625,759.0,166.625,128.0,0.0,0.07935774186683514,0.047625428355118814,404.55165161586365,408.1376243070699,660451.0,0.0078125,759.0,166.625,88.0,0.0,0.0703125,16384.0,4993.1484375,283.0,0.0703125,16384.0,4993.1484375,283.0,8.587718168740788e-06,0.4656500729874727,0.10424112327635628,0.0056717670522630215,297.6076715979725,39.08289453794714,0.0009648590348660946,,7.247598841786385e-05,408.1376243070699,4.41309530287981e-05,68.84615410899278,1.3644496240885928,0.0,36.0
37,0.2496568919159472,27.616697311401367,0.0,0.5808734984108896,-0.0033555163465666046,0.9962995269081809,1.0000004768371582,9.525516361463815e-06,0.9999999909689932,1.0,1.0,0.47814232110977173,0.9171307682991028,0.24965688586235046,1e-06,183.71040725708008,35.49337863922119,45.39453125,0.0,0.0,0.0,0.014147246616299857,0.0,0.0,0.0,0.0,0.0,0.0,0.0,0.0,0.0,0.0,0.0,0.0,619495.0,619495.0,619495.0,619495.0,619495.0,0.0,2.0,2.0,2.0,16384.0,4686.03125,153.7734375,374.0,153.7734375,128.0,0.0,0.07707906802375722,0.04643356494477429,392.921297227176,394.1597238249378,619495.0,0.0078125,374.0,153.7734375,79.0,0.0,0.0390625,16384.0,4686.03125,443.0,0.0390625,16384.0,4686.03125,443.0,1.1164467739357397e-05,0.4816209282392485,0.10578097832093473,0.00691633194219321,288.8820122090401,37.169936544960365,0.0009490459924563766,,7.613806519657373e-05,394.1597238249378,3.995699808001518e-05,65.53078716492746,1.352900360012427,0.0,37.0
38,0.25188112538307905,28.57343292236328,0.0,0.5756581928580999,-0.003372495026269462,0.9962001945823431,1.0000004768371582,2.008282535825856e-07,1.0,1.0,1.0,0.4851919412612915,0.8576478958129883,0.25188112258911133,1e-06,163.60036849975586,35.49337863922119,45.39453125,0.0,0.0,0.0,0.016485461652337108,0.0,0.0,0.0,0.0,0.0,0.0,0.0,0.0,0.0,0.0,0.0,0.0,600146.0,600146.0,600146.0,600146.0,600146.0,0.0,2.0,2.0,2.0,16384.0,4540.96875,147.671875,344.0,147.671875,128.0,0.0,0.07626488118375664,0.047221313980195655,366.2873250321841,409.61422835697886,600146.0,0.0078125,344.0,147.671875,78.0,0.0,0.046875,16384.0,4540.96875,385.0,0.046875,16384.0,4540.96875,385.0,9.730073937290637e-06,0.5285949156878994,0.10720621531749586,0.005839464953169227,307.2426231740974,35.47267891303636,0.0009902770398184657,,7.4623036198318e-05,409.61422835697886,7.75080407038331e-05,64.33938129793387,1.3665665900334716,0.0,38.0
39,0.2649389645084739,26.813213348388672,0.0,0.5882108749881867,-0.0035040085354158955,0.9960169426856502,1.0000003576278687,3.513834599289112e-06,0.999999996154539,1.0,1.0,0.5187463164329529,0.8641390204429626,0.26493895053863525,1e-06,162.5172882080078,35.49337863922119,45.39453125,0.0,0.0,0.0,0.012301384392494877,0.0,0.0,0.0,0.0,0.0,0.0,0.0,0.0,0.0,0.0,0.0,0.0,582698.0,582698.0,582698.0,582698.0,582698.0,0.0,2.0,2.0,2.0,16384.0,4381.4140625,170.9140625,626.0,170.9140625,128.0,0.0,0.07528264387830345,0.04560984007335938,352.56424791696963,413.1856841999106,582698.0,0.0078125,626.0,170.9140625,86.0,0.0,0.0390625,16384.0,4381.4140625,233.0,0.0390625,16384.0,4381.4140625,233.0,8.673556619415708e-06,0.557265914716092,0.10731089371526562,0.005054064095020294,312.52642755699344,35.554991131066345,0.000947649939917028,,6.327591836452484e-05,413.1856841999106,3.767409361898899e-05,62.529843146097846,1.3358487429795787,0.0,39.0
40,0.2439657892100513,32.797733306884766,0.0,0.5868990361690521,-0.0032426403447364765,0.996447765827179,1.0000004768371582,3.282499892520718e-05,0.9999999980131785,1.0,1.0,0.480949342250824,0.7892321944236755,0.2439657747745514,1e-06,162.0287857055664,35.49337863922119,45.39453125,0.0,0.0,0.0,0.012562227496528067,0.0,0.0,0.0,0.0,0.0,0.0,0.0,0.0,0.0,0.0,0.0,0.0,558250.0,558250.0,558250.0,558250.0,558250.0,0.0,2.0,2.0,2.0,16384.0,4202.234375,159.09375,568.0,159.09375,128.0,0.0,0.07590902015392384,0.04614917001307017,350.26814183919856,398.4447436960181,558250.0,0.0078125,568.0,159.09375,77.0,0.0,0.03125,16384.0,4202.234375,354.0,0.03125,16384.0,4202.234375,354.0,9.355794027801378e-06,0.49551877567725217,0.10576172699869026,0.005222872016020119,266.53261217393447,33.25552072899882,0.0026926689315587282,36.81242780305911,6.307393778115511e-05,398.4447436960181,3.847596235573292e-05,59.04148409701884,1.5893002739176154,0.0,40.0
41,0.24010719964280725,26.373275756835938,0.0,0.5751462539037069,-0.0032160087100540596,0.996430653333664,1.0000004768371582,4.57761046845917e-07,0.9999999940395355,1.0,1.0,0.463219553232193,0.7456875443458557,0.2401072084903717,1e-06,129.3994903564453,35.49337863922119,45.39453125,0.0,0.0,0.0,0.015034146327525377,0.0,0.0,0.0,0.0,0.0,0.0,0.0,0.0,0.0,0.0,0.0,0.0,551350.0,551350.0,551350.0,551350.0,551350.0,0.0,2.0,2.0,2.0,16384.0,4148.59375,158.828125,460.0,158.828125,128.0,0.0,0.07915503663013519,0.047126295030810526,398.0290299392729,346.30011791107245,551350.0,0.0078125,460.0,158.828125,77.0,0.0,0.0546875,16384.0,4148.59375,158.0,0.0546875,16384.0,4148.59375,158.0,1.2656978261490254e-05,0.47805842714223584,0.10340683187085366,0.0069784249644726515,253.85858598107006,32.81560755998362,0.0010950859868898988,,8.750497363507748e-05,346.30011791107245,4.761503078043461e-05,57.01335675199516,1.3503127429867163,0.0,41.0
42,0.26617217157036066,26.625646591186523,0.0,0.5911790584072922,-0.0034789287936732626,0.9961115302461566,1.0000004768371582,9.131866818279377e-07,0.9999999981937986,1.0,1.0,0.5332332849502563,0.730219304561615,0.2661721706390381,1e-06,129.80607986450195,35.49337863922119,45.39453125,0.0,0.0,0.0,0.01277276476365373,0.0,0.0,0.0,0.0,0.0,0.0,0.0,0.0,0.0,0.0,0.0,0.0,611689.0,611689.0,611689.0,611689.0,611689.0,0.0,2.0,2.0,2.0,16384.0,4628.59375,150.2265625,404.0,150.2265625,128.0,0.0,0.07320911586048279,0.046235007034168364,394.0710933566251,388.0575169760268,611689.0,0.0078125,404.0,150.2265625,83.0,0.0,0.015625,16384.0,4628.59375,432.0,0.015625,16384.0,4628.59375,432.0,8.121543815351815e-06,0.4766176291394421,0.10894741565891927,0.004967859014868736,282.37688055995386,36.383330989046954,0.0009907630737870932,,7.989502046257257e-05,388.0575169760268,3.73240327462554e-05,66.64193573698867,1.439944025943987,0.0,42.0
43,0.2520931730978191,31.430438995361328,0.0,0.5838602837175131,-0.003356886205438059,0.9965107515454292,1.0000004768371582,1.8277980871062027e-06,1.0,1.0,1.0,0.48333582282066345,0.6560454964637756,0.2520931661128998,1e-06,125.56572723388672,35.49337863922119,45.39453125,0.0,0.0,0.0,0.010878914756176528,0.0,0.0,0.0,0.0,0.0,0.0,0.0,0.0,0.0,0.0,0.0,0.0,584446.0,584446.0,584446.0,584446.0,584446.0,0.0,2.0,2.0,2.0,16384.0,4411.8125,154.171875,521.0,154.171875,128.0,0.0,0.07666019629604406,0.045892668142939935,399.8013752324105,365.46022362995427,584446.0,0.0078125,521.0,154.171875,82.0,0.0,0.03125,16384.0,4411.8125,355.0,0.03125,16384.0,4411.8125,355.0,8.539185939056536e-06,0.470957120367549,0.10572971076544327,0.004990693065337837,265.95513735699933,35.141187113011256,0.0009332570480182767,,8.056405931711197e-05,365.46022362995427,3.762205597013235e-05,61.79330653802026,1.3438925390364602,0.0,43.0
44,0.2442063968628645,33.5772590637207,0.0,0.5928734111785888,-0.003225465686991811,0.9969903850555419,1.0000004768371582,1.27728640109126e-06,0.9999999952316284,1.0,1.0,0.4774097800254822,0.6266790628433228,0.24420639872550964,1e-06,126.22914505004883,35.49337863922119,45.39453125,0.0,0.0,0.0,0.013872757840435951,0.0,0.0,0.0,0.0,0.0,0.0,0.0,0.0,0.0,0.0,0.0,0.0,465603.0,465603.0,465603.0,465603.0,465603.0,0.0,2.0,2.0,2.0,16384.0,3487.5546875,149.96875,494.0,149.96875,128.0,0.0,0.07145350532985076,0.04513543548120197,386.7161197494347,300.9979260120308,465603.0,0.0078125,494.0,149.96875,82.0,0.0,0.0078125,16384.0,3487.5546875,323.0,0.0078125,16384.0,3487.5546875,323.0,1.1219519608940624e-05,0.49266884627256224,0.10931287847371193,0.005223841988481581,219.9308216579957,27.61446185701061,0.0009311720496043563,,6.192806176841259e-05,300.9979260120308,7.002498023211956e-05,50.8964041559957,1.3421155330725014,0.0,44.0
45,0.24467778531834483,29.987594604492188,0.0,0.5812645753224691,-0.0032498182806496817,0.9965709686279297,1.0000003576278687,6.818399178598611e-09,0.999999996026357,1.0,1.0,0.4714882969856262,0.5603662133216858,0.24467778205871582,1e-06,125.59917831420898,35.49337863922119,45.39453125,0.0,0.0,0.0,0.01190321722921605,0.0,0.0,0.0,0.0,0.0,0.0,0.0,0.0,0.0,0.0,0.0,0.0,550632.0,550632.0,550632.0,550632.0,550632.0,0.0,2.0,2.0,2.0,16384.0,4140.984375,160.828125,436.0,160.828125,128.0,0.0,0.07595152779946322,0.04669343478347259,384.2929556320521,358.2110938609112,550632.0,0.0078125,436.0,160.828125,84.0,0.0,0.0390625,16384.0,4140.984375,210.0,0.0390625,16384.0,4140.984375,210.0,8.967664430728463e-06,0.4982466912625259,0.10663143490580491,0.004937883000820875,264.0936657169368,32.67578724899795,0.000979461008682847,,5.9742946177721024e-05,358.2110938609112,4.5029097236692905e-05,58.714680265053175,1.504495581961237,0.0,45.0
46,0.24277184111997485,29.650897979736328,0.0,0.589331886598042,-0.0032397323853469323,0.9966614267655781,1.0000004768371582,3.34660299472489e-10,1.0,1.0,1.0,0.46868622303009033,0.5433452129364014,0.24277184903621674,1e-06,124.07414627075195,35.49337863922119,45.39453125,0.0,0.0,0.0,0.012083234378224006,0.0,0.0,0.0,0.0,0.0,0.0,0.0,0.0,0.0,0.0,0.0,0.0,511228.0,511228.0,511228.0,511228.0,511228.0,0.0,2.0,2.0,2.0,16384.0,3839.140625,154.828125,469.0,154.828125,128.0,0.0,0.07337017575864692,0.04532267044002361,375.0722239099013,340.75303862197325,511228.0,0.0078125,469.0,154.828125,81.0,0.0,0.015625,16384.0,3839.140625,107.0,0.015625,16384.0,3839.140625,107.0,9.741297327881813e-06,0.5144410752916194,0.1072430738261073,0.004980023950338364,252.80148880905472,30.3603990690317,0.0009325230494141579,,6.243807729333639e-05,340.75303862197325,3.684393595904112e-05,54.82566214597318,1.4953579440480098,0.0,46.0
47,0.24885343480855227,24.657533645629883,0.0,0.5899958937398849,-0.0032464710680106955,0.9967165012513438,1.0000003576278687,0.00036144809564575553,1.0,1.0,1.0,0.4959195852279663,0.5573282837867737,0.24885344505310059,1e-06,118.42303466796875,35.49337863922119,45.39453125,0.0,0.0,0.0,0.014686450602546815,0.0,0.0,0.0,0.0,0.0,0.0,0.0,0.0,0.0,0.0,0.0,0.0,574542.0,574542.0,574542.0,574542.0,574542.0,0.0,2.0,2.0,2.0,16384.0,4335.1953125,153.4140625,435.0,153.4140625,128.0,0.0,0.07484453908566058,0.04568767913295283,378.6579389595417,379.327845058986,574542.0,0.0078125,435.0,153.4140625,79.0,0.0,0.03125,16384.0,4335.1953125,330.0,0.03125,16384.0,4335.1953125,330.0,8.679430066759483e-06,0.5056062958939606,0.10732991893014214,0.004986697109416127,280.56346162303817,34.407871828996576,0.0009171890560537577,,6.66020205244422e-05,379.327845058986,3.5936012864112854e-05,61.665546281961724,1.4737780790310353,0.0,47.0
48,0.24017731798812747,26.41869354248047,0.0,0.5902296733111143,-0.0031696839214419015,0.9967457242310047,1.0000003576278687,3.6113355861289165e-08,0.9999999962747097,1.0,1.0,0.4632411003112793,0.5108802318572998,0.24017731845378876,1e-06,122.63554763793945,35.49337863922119,45.39453125,0.0,0.0,0.0,0.012598465043993201,0.0,0.0,0.0,0.0,0.0,0.0,0.0,0.0,0.0,0.0,0.0,0.0,592217.0,592217.0,592217.0,592217.0,592217.0,0.0,2.0,2.0,2.0,16384.0,4473.2421875,153.453125,459.0,153.453125,128.0,0.0,0.07562410495712582,0.046720603438476255,371.3747908486894,398.6653204479953,592217.0,0.0078125,459.0,153.453125,80.0,0.0,0.03125,16384.0,4473.2421875,327.0,0.03125,16384.0,4473.2421875,327.0,8.567111447267579e-06,0.5206747277543962,0.1064445820012568,0.005073589039966464,298.1253322439734,34.905302989063784,0.0009151939302682877,,6.000394932925701e-05,398.6653204479953,3.9350008592009544e-05,63.0382910190383,1.3603043330367655,0.0,48.0
49,0.25422007218003273,29.499160766601562,0.0,0.5825460182897972,-0.0033746006136590786,0.9964342659169977,1.0000003576278687,0.00040225585689768195,0.9999999963875973,1.0,1.0,0.49259939789772034,0.5409196019172668,0.25422006845474243,1e-06,122.33063507080078,35.49337863922119,45.39453125,0.0,0.0,0.0,0.014100048879768248,0.0,0.0,0.0,0.0,0.0,0.0,0.0,0.0,0.0,0.0,0.0,0.0,616118.0,616118.0,616118.0,616118.0,616118.0,0.0,2.0,2.0,2.0,16384.0,4654.15625,159.265625,500.0,159.265625,128.0,0.0,0.07568335565128964,0.046764997447854256,357.73642318252104,430.56700413592625,616118.0,0.0078125,500.0,159.265625,82.0,0.0,0.03125,16384.0,4654.15625,309.0,0.03125,16384.0,4654.15625,309.0,8.17391469194686e-06,0.5460069912712361,0.10736163950089833,0.005036095972172916,325.273836923996,36.45800990797579,0.0009022640297189355,,7.667101453989744e-05,430.56700413592625,3.874395042657852e-05,66.14743860601448,1.4566719790454954,0.0,49.0
50,0.24046938680112362,25.338743209838867,0.0,0.5972854388611657,-0.0031561023954834256,0.9969770950930459,1.0000003576278687,0.0026287592481821775,1.0,1.0,1.0,0.4678477644920349,0.50335693359375,0.24046938121318817,1e-06,122.89981842041016,35.49337863922119,45.39453125,0.0,0.0,0.0,0.01603330736647227,0.0,0.0,0.0,0.0,0.0,0.0,0.0,0.0,0.0,0.0,0.0,0.0,523350.0,523350.0,523350.0,523350.0,523350.0,0.0,2.0,2.0,2.0,16384.0,3929.9921875,158.6796875,402.0,158.6796875,128.0,0.0,0.07275757036532038,0.04523934876078615,391.72168451505684,334.00627325999085,523350.0,0.0078125,402.0,158.6796875,79.0,0.0,0.015625,16384.0,3929.9921875,563.0,0.015625,16384.0,3929.9921875,563.0,9.481881929253102e-06,0.48432801465883607,0.10831255097558976,0.004962342907674611,243.63588016596623,31.086540970019996,0.0026572420028969646,,6.973696872591972e-05,334.00627325999085,4.822597838938236e-05,56.685373553074896,1.3613835719879717,0.0,50.0
51,0.25580197013914585,29.86152458190918,0.0,0.6001819690068563,-0.0033071836456656455,0.9967590073744456,1.0000004768371582,0.00013589407899416983,0.999999996026357,1.0,1.0,0.5090566277503967,0.5671213865280151,0.2558019757270813,1e-06,126.36837768554688,35.49337863922119,45.39453125,0.0,0.0,0.0,0.011831073645347108,0.0,0.0,0.0,0.0,0.0,0.0,0.0,0.0,0.0,0.0,0.0,0.0,558233.0,558233.0,558233.0,558233.0,558233.0,0.0,2.0,2.0,2.0,16384.0,4209.453125,151.7421875,308.0,151.7421875,128.0,0.0,0.0728402370968851,0.0456155702801909,383.30589191952055,364.0910639310023,558233.0,0.0078125,308.0,151.7421875,83.0,0.0,0.0078125,16384.0,4209.453125,260.0,0.0078125,16384.0,4209.453125,260.0,1.2537675092393143e-05,0.49745231416442065,0.1081564477880105,0.0069989439798519015,268.0322813949315,32.98261085595004,0.0009270060108974576,,7.599405944347382e-05,364.0910639310023,3.843102604150772e-05,60.37649831804447,1.472985842032358,0.0,51.0
52,0.250658989418298,23.60579490661621,0.0,0.5925342235071905,-0.003289315793342118,0.9967434467940495,1.0000004768371582,0.0006892484379932284,0.9999999938340023,1.0,1.0,0.48379406332969666,0.5348039269447327,0.2506589889526367,1e-06,121.13121795654297,35.49337863922119,45.39453125,0.0,0.0,0.0,0.010493529619044897,0.0,0.0,0.0,0.0,0.0,0.0,0.0,0.0,0.0,0.0,0.0,0.0,530698.0,530698.0,530698.0,530698.0,530698.0,0.0,2.0,2.0,2.0,16384.0,3982.5,163.578125,553.0,163.578125,128.0,0.0,0.07462108876769555,0.045231359057022164,400.19226799083566,331.52689497498795,530698.0,0.0078125,553.0,163.578125,85.0,0.0,0.0078125,16384.0,3982.5,134.0,0.0078125,16384.0,3982.5,134.0,9.018121335430304e-06,0.47080588883385854,0.10702876864250968,0.0047858989564701915,239.99800989194773,32.02044452505652,0.0009117929730564356,,7.177190855145454e-05,331.52689497498795,3.7036952562630177e-05,56.799953461042605,1.4748276500031352,0.0,52.0
53,0.23627885337918997,31.071731567382812,0.0,0.5881409794092178,-0.0030948802159400657,0.9969557356089354,1.0000004768371582,2.0694783415819984e-06,0.9999999981373549,1.0,1.0,0.45366376638412476,0.47761374711990356,0.23627886176109314,1e-06,120.01513290405273,35.49337863922119,45.39453125,0.0,0.0,0.0,0.015711274041677825,0.0,0.0,0.0,0.0,0.0,0.0,0.0,0.0,0.0,0.0,0.0,0.0,589592.0,589592.0,589592.0,589592.0,589592.0,0.0,2.0,2.0,2.0,16384.0,4451.1953125,154.9921875,408.0,154.9921875,128.0,0.0,0.07515110559951724,0.04545096201880259,388.32027570963703,379.5784284779802,589592.0,0.0078125,408.0,154.9921875,84.0,0.0,0.03125,16384.0,4451.1953125,346.0,0.03125,16384.0,4451.1953125,346.0,8.587750407233864e-06,0.48868245424228834,0.1068024729966479,0.005063268938101828,278.4282943519065,35.503438843996264,0.000980505021288991,,6.18040794506669e-05,379.5784284779802,3.884697798639536e-05,62.969883659039624,1.4546302269445732,0.0,53.0
54,0.2435762183740735,31.82368278503418,0.0,0.5882846501565748,-0.003254542014591636,0.9967056955060651,1.0000003576278687,2.0387333279359154e-06,0.9999999923090781,1.0,1.0,0.4649306833744049,0.477641761302948,0.24357621371746063,1e-06,111.40853881835938,35.49337863922119,45.39453125,0.0,0.0,0.0,0.01774688498886873,0.0,0.0,0.0,0.0,0.0,0.0,0.0,0.0,0.0,0.0,0.0,0.0,570644.0,570644.0,570644.0,570644.0,570644.0,0.0,2.0,2.0,2.0,16384.0,4304.5078125,153.6484375,324.0,153.6484375,128.0,0.0,0.07479577378304031,0.04608516059736031,380.25072232510905,375.17614464391954,570644.0,0.0078125,324.0,153.6484375,79.0,0.0,0.03125,16384.0,4304.5078125,169.0,0.03125,16384.0,4304.5078125,169.0,8.394757443227073e-06,0.5033154039533796,0.10745560975830436,0.0047904179664328694,277.3152113240212,33.95487234799657,0.0009199309861287475,,5.935796070843935e-05,375.17614464391954,3.9124046452343464e-05,61.31889897491783,1.3703742009820417,0.0,54.0
55,0.23575323959812522,32.163047790527344,0.0,0.590738425652186,-0.0031152126922582585,0.9969912270704905,1.0000003576278687,0.0004470042185857892,1.0,1.0,1.0,0.4524875581264496,0.46734723448753357,0.23575323820114136,1e-06,113.22322845458984,35.49337863922119,45.39453125,0.0,0.0,0.0,0.012138220563065261,0.0,0.0,0.0,0.0,0.0,0.0,0.0,0.0,0.0,0.0,0.0,0.0,567979.0,567979.0,567979.0,567979.0,567979.0,0.0,2.0,2.0,2.0,16384.0,4287.9296875,149.40625,335.0,149.40625,128.0,0.0,0.07365849436798062,0.04566359748232814,395.96848807757095,358.6011368969921,567979.0,0.0078125,335.0,149.40625,83.0,0.0,0.03125,16384.0,4287.9296875,403.0,0.03125,16384.0,4287.9296875,403.0,1.1570901338389584e-05,0.4722014281075444,0.10968653769758525,0.006572028971277177,259.1701148239663,34.46074036392383,0.0009435879765078425,,6.255297921597958e-05,358.6011368969921,3.718200605362654e-05,62.29964999493677,1.4585049519082531,0.0,55.0
56,0.24548972584307194,25.412281036376953,0.0,0.5961013819490161,-0.003218737356032112,0.9968860681567874,1.0000003576278687,0.00312218489125371,0.9999999957425254,1.0,1.0,0.485874742269516,0.4957064092159271,0.24548973143100739,1e-06,105.70132446289062,35.49337863922119,45.39453125,0.0,0.0,0.0,0.010785178119216912,0.0,0.0,0.0,0.0,0.0,0.0,0.0,0.0,0.0,0.0,0.0,0.0,525609.0,525609.0,525609.0,525609.0,525609.0,0.0,2.0,2.0,2.0,16384.0,3948.71875,157.6015625,449.0,157.6015625,128.0,0.0,0.07407127485363946,0.04526596595479909,378.2671828605786,347.37946074595675,525609.0,0.0078125,449.0,157.6015625,81.0,0.0,0.015625,16384.0,3948.71875,132.0,0.015625,16384.0,3948.71875,132.0,1.3886765660516424e-05,0.507119403020388,0.1079752898656195,0.007299009012058377,256.31640258501284,31.612342691980302,0.0010030840057879686,,5.943002179265022e-05,347.37946074595675,3.7989928387105465e-05,56.7527841309784,1.4647393228951842,0.0,56.0
57,0.23458306398242712,24.878612518310547,0.0,0.5769102312624454,-0.0031418208818649873,0.9968192260712385,1.0000004768371582,5.597315677619008e-08,0.9999999981373549,1.0,1.0,0.44772055745124817,0.44896507263183594,0.2345830649137497,1e-06,107.94271469116211,35.49337863922119,45.39453125,0.0,0.0,0.0,0.010800663473219174,0.0,0.0,0.0,0.0,0.0,0.0,0.0,0.0,0.0,0.0,0.0,0.0,605578.0,605578.0,605578.0,605578.0,605578.0,0.0,2.0,2.0,2.0,16384.0,4575.265625,155.8125,408.0,155.8125,128.0,0.0,0.07601846040018892,0.04695894837746398,380.7330118370325,397.63954081502743,605578.0,0.0078125,408.0,155.8125,82.0,0.0,0.046875,16384.0,4575.265625,201.0,0.046875,16384.0,4575.265625,201.0,8.009169715420644e-06,0.5014939902994033,0.10763648949598309,0.004850176977925003,293.69193151500076,35.97816400707234,0.0010516699403524399,,7.687299512326717e-05,397.63954081502743,3.8619968108832836e-05,65.18229003599845,1.5486909969476983,0.0,57.0
58,0.24103238712996244,26.891862869262695,0.0,0.5905877731063149,-0.003175742874825091,0.9968702937617446,1.0000004768371582,0.000895904318895191,0.9999999963875973,1.0,1.0,0.46989181637763977,0.4407091736793518,0.24103239178657532,1e-06,111.8531494140625,35.49337863922119,45.39453125,0.0,0.0,0.0,0.012264173668385907,0.0,0.0,0.0,0.0,0.0,0.0,0.0,0.0,0.0,0.0,0.0,0.0,620720.0,620720.0,620720.0,620720.0,620720.0,0.0,2.0,2.0,2.0,16384.0,4676.140625,173.234375,1356.0,173.234375,128.0,0.0,0.07422471807565245,0.04614062795976803,353.6826404186453,438.7549239519285,620720.0,0.0078125,1356.0,173.234375,88.0,0.0,0.0234375,16384.0,4676.140625,379.0,0.0234375,16384.0,4676.140625,379.0,8.286584844688639e-06,0.5524870649841921,0.1090171393978318,0.005143648944795132,330.6889227980282,37.61974152002949,0.0009822669671848416,,8.535210508853197e-05,438.7549239519285,3.911508247256279e-05,67.66911876702216,1.4911906269844621,0.0,58.0
59,0.23808096582069993,37.18126678466797,0.0,0.5937812347565928,-0.0031088083952424987,0.9971283924195075,1.0000003576278687,0.0011734464205801487,0.999999996154539,1.0,1.0,0.46810561418533325,0.47117879986763,0.2380809485912323,1e-06,160.98728942871094,35.49337863922119,45.39453125,0.0,0.0,0.0,0.014335966638980372,0.0,0.0,0.0,0.0,0.0,0.0,0.0,0.0,0.0,0.0,0.0,0.0,566181.0,566181.0,566181.0,566181.0,566181.0,0.0,2.0,2.0,2.0,16384.0,4267.15625,156.1328125,369.0,156.1328125,128.0,0.0,0.07406242407164824,0.046102169351104366,386.52394972070033,366.2004646860296,566181.0,0.0078125,369.0,156.1328125,78.0,0.0,0.0234375,16384.0,4267.15625,275.0,0.0234375,16384.0,4267.15625,275.0,8.975331169491513e-06,0.49096696089675507,0.108617241655971,0.005081661976873875,268.164190173964,33.72926956892479,0.0009255670011043549,,7.957406342029572e-05,366.2004646860296,3.907701466232538e-05,61.497018498019315,1.5992182430345565,0.0,59.0
60,0.23211205005645752,29.652402877807617,0.0,0.5955638166131645,-0.0030854498116492197,0.9972826591853438,1.0000004768371582,0.008045471273362637,0.9999999958893349,1.0,1.0,0.4386584460735321,0.4688677191734314,0.23211205005645752,1e-06,201.65184020996094,35.49337863922119,45.39453125,0.0,0.0,0.0,0.017447717022150755,0.0,0.0,0.0,0.0,0.0,0.0,0.0,0.0,0.0,0.0,0.0,0.0,535882.0,535882.0,535882.0,535882.0,535882.0,0.0,2.0,2.0,2.0,11559.0,4023.671875,162.90625,468.0,162.90625,128.0,0.0,0.07230836370438376,0.044819026552037254,349.33131608207884,383.50555427593645,535882.0,0.0078125,468.0,162.90625,82.0,0.0,0.0078125,11559.0,4023.671875,402.0,0.0078125,11559.0,4023.671875,402.0,8.948523981660954e-06,0.4860412786866665,0.10871605456435349,0.004795352928340435,250.32583976199385,32.07749394804705,0.000724037061445415,39.870675052981824,8.444406557828188e-05,383.50555427593645,3.873498644679785e-05,58.25897675205488,2.0895842619938776,0.0,60.0
61,0.2297377313952893,25.88987159729004,0.0,0.5836630221456289,-0.003017245075170649,0.9970662761479616,1.0000004768371582,0.0013433474814519286,0.9999999906867743,1.0,1.0,0.44967150688171387,0.4127838909626007,0.22973772883415222,1e-06,228.2573585510254,35.49337863922119,45.39453125,0.0,0.0,0.0,0.013185948242607992,0.0,0.0,0.0,0.0,0.0,0.0,0.0,0.0,0.0,0.0,0.0,0.0,604571.0,604571.0,604571.0,604571.0,604571.0,0.0,2.0,2.0,2.0,16384.0,4569.921875,153.2890625,422.0,153.2890625,128.0,0.0,0.07587164885050778,0.04692507198220707,384.5342596394516,393.05405490193516,604571.0,0.0078125,422.0,153.2890625,79.0,0.0,0.046875,16384.0,4569.921875,271.0,0.046875,16384.0,4569.921875,271.0,8.774549333424846e-06,0.4945419910727657,0.10781554917456823,0.005304838065057993,289.2823376780143,35.802428095950745,0.0009224570821970701,,6.081792525947094e-05,393.05405490193516,3.782904241234064e-05,65.18215438001789,1.5512348130578175,0.0,61.0
62,0.2284840508364141,24.135589599609375,0.0,0.596313335498174,-0.0029864171287044884,0.997138911485672,1.0000004768371582,0.0006632537697441876,0.9999999980131785,1.0,1.0,0.45476874709129333,0.39948731660842896,0.22848404943943024,1e-06,228.26239776611328,35.49337863922119,45.39453125,0.0,0.0,0.0,0.011507841444108635,0.0,0.0,0.0,0.0,0.0,0.0,0.0,0.0,0.0,0.0,0.0,0.0,567101.0,567101.0,567101.0,567101.0,567101.0,0.0,2.0,2.0,2.0,16384.0,4277.71875,152.7578125,357.0,152.7578125,128.0,0.0,0.07319230514645785,0.04551233916488886,390.7396041262141,362.83818815101404,567101.0,0.0078125,357.0,152.7578125,84.0,0.0,0.015625,16384.0,4277.71875,271.0,0.015625,16384.0,4277.71875,271.0,9.602226119017828e-06,0.4839164896539192,0.10824713157453356,0.005445432034321129,264.96750607702415,33.68669746001251,0.0009161420166492462,,6.297195795923471e-05,362.83818815101404,4.056899342685938e-05,61.387056563049555,1.5676957970717922,0.0,62.0
63,0.23442111280746758,23.996212005615234,0.0,0.5805756274391624,-0.003108499273794758,0.9967851410893833,1.0000004768371582,0.000845898874104023,0.9999999982469222,1.0,1.0,0.505660891532898,0.4199749827384949,0.23442110419273376,1e-06,226.61907958984375,35.49337863922119,45.39453125,0.0,0.0,0.0,-0.012340986587600234,0.0,0.0,0.0,0.0,0.0,0.0,0.0,0.0,0.0,0.0,0.0,0.0,624887.0,624887.0,624887.0,624887.0,624887.0,0.0,2.0,2.0,2.0,16384.0,4723.2265625,158.703125,462.0,158.703125,128.0,0.0,0.0764965046923573,0.046535548729329766,390.35091744930673,400.20848681696225,624887.0,0.0078125,462.0,158.703125,81.0,0.0,0.0390625,16384.0,4723.2265625,361.0,0.0390625,16384.0,4723.2265625,361.0,1.1030773475646975e-05,0.48624358385156985,0.10610219271819916,0.006892986944876611,293.9697422198951,37.223438299959525,0.000993727007880807,,6.2145059928298e-05,400.20848681696225,3.984197974205017e-05,66.30188090109732,1.479127284954302,0.0,63.0
64,0.22226564958691597,23.167034149169922,0.0,0.5901662766933441,-0.002929648702653746,0.9971741159756978,1.0000004768371582,3.386169919394888e-05,0.999999996026357,1.0,1.0,0.4348999559879303,0.3738469183444977,0.22226564586162567,1e-06,226.77217864990234,35.49337863922119,45.39453125,0.0,0.0,0.0,0.013415734795853496,0.0,0.0,0.0,0.0,0.0,0.0,0.0,0.0,0.0,0.0,0.0,0.0,559559.0,559559.0,559559.0,559559.0,559559.0,0.0,2.0,2.0,2.0,16384.0,4219.609375,151.9453125,379.0,151.9453125,128.0,0.0,0.07154379884162011,0.04512522750641571,391.67650498513757,357.1563476989977,559559.0,0.0078125,379.0,151.9453125,79.0,0.0,0.015625,16384.0,4219.609375,222.0,0.015625,16384.0,4219.609375,222.0,1.3254612944080619e-05,0.4792875105421785,0.11108643896523185,0.007416737964376807,258.867977318936,33.377615400007926,0.0009269959991797805,,6.300699897110462e-05,357.1563476989977,3.962090704590082e-05,62.15941670094617,1.513407539925538,0.0,64.0
65,0.24782021390274167,25.99537467956543,0.0,0.6026636719703674,-0.0032033994561061264,0.9968726297219594,1.0000003576278687,0.0008466193685308099,1.0,1.0,1.0,0.5082457661628723,0.4176306128501892,0.24782021343708038,1e-06,248.68511199951172,35.49337863922119,45.39453125,0.0,0.0,0.0,0.011970242237051327,0.0,0.0,0.0,0.0,0.0,0.0,0.0,0.0,0.0,0.0,0.0,0.0,560072.0,560072.0,560072.0,560072.0,560072.0,0.0,2.0,2.0,2.0,9825.0,4220.3984375,155.1640625,314.0,155.1640625,128.0,0.0,0.06923135674097956,0.044809910634478485,380.29571809524873,368.1818998680683,560072.0,0.0078125,314.0,155.1640625,85.0,0.0,0.0078125,9825.0,4220.3984375,411.0,0.0078125,9825.0,4220.3984375,411.0,1.036532803237637e-05,0.49928539017518114,0.11257492973955904,0.005805330001749098,269.7194599119248,33.18087118095718,0.0006150410044938326,,7.475202437490225e-05,368.1818998680683,3.6788987927138805e-05,63.05006604909431,1.4832866260549054,0.0,65.0
66,0.2478576167486608,21.560823440551758,0.0,0.5981696959464781,-0.0032426457656847853,0.9969259654321978,1.0000004768371582,0.00029571648337878287,1.0,1.0,1.0,0.510025143623352,0.4072500169277191,0.24785760045051575,1e-06,273.6831474304199,35.49337863922119,45.39453125,0.0,0.0,0.0,0.00981721707238091,0.0,0.0,0.0,0.0,0.0,0.0,0.0,0.0,0.0,0.0,0.0,0.0,579638.0,579638.0,579638.0,579638.0,579638.0,0.0,2.0,2.0,2.0,16384.0,4382.8828125,145.5390625,380.0,145.5390625,128.0,0.0,0.07279918753032621,0.044771836188611934,372.1255229211834,389.4102690470172,579638.0,0.0078125,380.0,145.5390625,79.0,0.0,0.0078125,16384.0,4382.8828125,295.0,0.0078125,16384.0,4382.8828125,295.0,8.568618615629513e-06,0.5130129911960574,0.10939120880792841,0.00496669695712626,287.80490517790895,35.388280050014146,0.0009327259613201022,,7.561000529676676e-05,389.4102690470172,3.720202948898077e-05,63.40730149101,1.6484557730145752,0.0,66.0
67,0.23085027490742505,23.569671630859375,0.0,0.5859286468476057,-0.00299274391727522,0.9971339963376522,1.0000004768371582,4.6779402396168734e-07,0.9999999981373549,1.0,1.0,0.46639129519462585,0.3859550654888153,0.23085027933120728,1e-06,348.2380905151367,35.49337863922119,45.39453125,0.0,0.0,0.0,0.014588120838652685,0.0,0.0,0.0,0.0,0.0,0.0,0.0,0.0,0.0,0.0,0.0,0.0,582120.0,582120.0,582120.0,582120.0,582120.0,0.0,2.0,2.0,2.0,16384.0,4390.53125,157.28125,423.0,157.28125,128.0,0.0,0.0743758114506852,0.03473393576060478,367.4928444215178,396.0077106510289,582120.0,0.0078125,423.0,157.28125,84.0,0.0,0.046875,16384.0,4390.53125,286.0,0.046875,16384.0,4390.53125,286.0,1.6660157669562658e-05,0.5026327904279256,0.1108355721776321,0.009698210982605815,282.4735966270091,46.12444418296218,0.0009872629307210445,,7.214199285954237e-05,396.0077106510289,4.1552004404366016e-05,64.5196032760432,1.742092781001702,0.0,67.0
68,0.23058581724762917,27.1010684967041,0.0,0.5907305202313832,-0.0030139270571193527,0.9970966045345578,1.0000004768371582,4.6239631501521217e-07,0.9999999978712627,1.0,1.0,0.47080713510513306,0.370567262172699,0.23058581352233887,1e-06,349.9024848937988,35.49337863922119,45.39453125,0.0,0.0,0.0,0.008957056987648164,0.0,0.0,0.0,0.0,0.0,0.0,0.0,0.0,0.0,0.0,0.0,0.0,525320.0,525320.0,525320.0,525320.0,525320.0,0.0,2.0,2.0,2.0,16384.0,3948.546875,155.515625,502.0,155.515625,128.0,0.0,0.06600562925975893,0.03981921415951916,372.5172763783034,352.5474074030062,525320.0,0.0078125,502.0,155.515625,82.0,0.0,0.015625,16384.0,3948.546875,397.0,0.015625,16384.0,3948.546875,397.0,1.0465472388601554e-05,0.49377767245463144,0.12197916986021182,0.005497721955180168,249.5621485459851,36.12476853001863,0.0010772839887067676,,6.315007340162992e-05,352.5474074030062,3.6986893974244595e-05,64.07809751096647,1.5278345099650323,0.0,68.0
69,0.24284059181809425,28.21278953552246,0.0,0.5865238074100378,-0.0032366803903697114,0.996629126144178,1.0000004768371582,0.0011956943199038506,0.9999999945813959,1.0,1.0,0.49023357033729553,0.3825874328613281,0.24284060299396515,1e-06,233.61601638793945,35.49337863922119,45.39453125,0.0,0.0,0.0,0.013789975985701225,0.0,0.0,0.0,0.0,0.0,0.0,0.0,0.0,0.0,0.0,0.0,0.0,611270.0,611270.0,611270.0,611270.0,611270.0,0.0,2.0,2.0,2.0,16384.0,4616.875,158.671875,514.0,158.671875,128.0,0.0,0.07564141831041944,0.04653273072884697,358.1003203290644,426.7449408019893,611270.0,0.0078125,514.0,158.671875,80.0,0.0,0.03125,16384.0,4616.875,340.0,0.03125,16384.0,4616.875,340.0,8.061193786304918e-06,0.5462844362512056,0.10648993457714105,0.004927565925754607,322.8322504470125,36.17207722493913,0.0009353780187666416,,6.440607830882072e-05,426.7449408019893,3.813207149505615e-05,65.09410230896901,1.510626079980284,0.0,69.0
70,0.22781803365796804,30.719955444335938,0.0,0.5858970390898841,-0.0030236135103872846,0.9970537934984479,1.0000004768371582,2.3456295821233653e-06,0.9999999957425254,1.0,1.0,0.45329421758651733,0.38489505648612976,0.22781804203987122,1e-06,228.22911834716797,35.49337863922119,45.39453125,0.0,0.0,0.0,0.012090201441813926,0.0,0.0,0.0,0.0,0.0,0.0,0.0,0.0,0.0,0.0,0.0,0.0,528405.0,528405.0,528405.0,528405.0,528405.0,0.0,2.0,2.0,2.0,16384.0,3972.203125,155.9609375,473.0,155.9609375,128.0,0.0,0.07578604735718382,0.04570762016002214,363.4263625118625,363.48835314798634,528405.0,0.0078125,473.0,155.9609375,87.0,0.0,0.03125,16384.0,3972.203125,184.0,0.03125,16384.0,3972.203125,184.0,1.0333526546962147e-05,0.5372120171287578,0.1063679652539891,0.0054602870950475335,273.14115241297986,31.560503912041895,0.0009337180526927114,,6.399699486792088e-05,363.48835314798634,3.812799695879221e-05,56.20536468003411,1.4664910290157422,0.0,70.0
71,0.22585971769876778,29.343700408935547,0.0,0.5892601708571116,-0.002978640243721505,0.9971186498800914,1.0000003576278687,0.002505871467292309,0.999999996026357,1.0,1.0,0.4581277072429657,0.37720733880996704,0.22585971653461456,1e-06,227.7102813720703,35.49337863922119,45.39453125,0.0,0.0,0.0,0.01277534133841982,0.0,0.0,0.0,0.0,0.0,0.0,0.0,0.0,0.0,0.0,0.0,0.0,556877.0,556877.0,556877.0,556877.0,556877.0,0.0,2.0,2.0,2.0,16384.0,4194.2890625,156.3125,414.0,156.3125,128.0,0.0,0.07420678900693586,0.04612330715736338,392.77213649257214,354.4529692030046,556877.0,0.015625,414.0,156.3125,91.0,0.0,0.0234375,16384.0,4194.2890625,268.0,0.0234375,16384.0,4194.2890625,268.0,8.62205831168136e-06,0.48250883381044746,0.10749332032755289,0.004801425966434181,259.0440350989811,32.932872280012816,0.0009237889898940921,,6.151304114609957e-05,354.4529692030046,3.709003794938326e-05,59.86055774404667,1.478352201054804,0.0,71.0
72,0.23237576242536306,29.67686653137207,0.0,0.5887572548606179,-0.003054088553075086,0.9969529419234304,1.0000003576278687,1.6552357706700604e-08,0.9999999945813959,1.0,1.0,0.47398629784584045,0.3603046238422394,0.23237577080726624,1e-06,231.24239349365234,35.49337863922119,45.39453125,0.0,0.0,0.0,0.01037503561625878,0.0,0.0,0.0,0.0,0.0,0.0,0.0,0.0,0.0,0.0,0.0,0.0,612805.0,612805.0,612805.0,612805.0,612805.0,0.0,2.0,2.0,2.0,16384.0,4628.203125,159.3359375,409.0,159.3359375,128.0,0.0,0.07340463406737943,0.04653672533444167,399.232227996235,383.7396864700131,612805.0,0.0078125,409.0,159.3359375,90.0,0.0,0.0234375,16384.0,4628.203125,495.0,0.0234375,16384.0,4628.203125,495.0,8.218670009097033e-06,0.46854046884250156,0.1099680187889535,0.005036442074924707,277.56805914698634,36.148236994980834,0.0009325819555670023,,6.292900070548058e-05,383.7396864700131,3.697897773236036e-05,67.38895175396465,1.5410048400517553,0.0,72.0
73,0.21306433249264956,37.42124557495117,0.0,0.5852912086993456,-0.002806857868563384,0.997386759147048,1.0000003576278687,0.0006123541970737278,1.0,1.0,1.0,0.43537986278533936,0.3449053168296814,0.21306432783603668,1e-06,248.50653457641602,35.49337863922119,45.39453125,0.0,0.0,0.0,0.012500328513851855,0.0,0.0,0.0,0.0,0.0,0.0,0.0,0.0,0.0,0.0,0.0,0.0,591230.0,591230.0,591230.0,591230.0,591230.0,0.0,2.0,2.0,2.0,16384.0,4465.890625,153.09375,401.0,153.09375,128.0,0.0,0.07495111118276104,0.045796229248852155,362.0154924613192,408.29053749900777,591230.0,0.0078125,401.0,153.09375,78.0,0.0,0.046875,16384.0,4465.890625,222.0,0.046875,16384.0,4465.890625,222.0,1.0303830878495213e-05,0.534211051571546,0.1085357587452502,0.0060919339302927256,305.37320025404915,35.90156168304384,0.001085272990167141,,7.747393101453781e-05,408.29053749900777,3.976898733526468e-05,64.16959664295428,1.5381117669166997,0.0,73.0
74,0.2278349888511002,28.53822898864746,0.0,0.5887042057925257,-0.003011894091193018,0.9970324162779183,1.0000003576278687,1.4753406496481603e-08,0.9999999979446674,1.0,1.0,0.45525696873664856,0.4059050679206848,0.22783499956130981,1e-06,244.6890983581543,35.49337863922119,45.39453125,0.0,0.0,0.0,0.013002427341015046,0.0,0.0,0.0,0.0,0.0,0.0,0.0,0.0,0.0,0.0,0.0,0.0,529439.0,529439.0,529439.0,529439.0,529439.0,0.0,2.0,2.0,2.0,16384.0,3976.5859375,159.65625,505.0,159.65625,128.0,0.0,0.07401674327714108,0.04526428391667137,355.89378866158984,371.90800799801946,529439.0,0.0078125,505.0,159.65625,82.0,0.0,0.0234375,16384.0,3976.5859375,327.0,0.0234375,16384.0,3976.5859375,327.0,1.4358658920551045e-05,0.5470861370915869,0.10938230425790078,0.007602034020237625,278.46848503802903,32.53381589392666,0.0010061119683086872,,9.217089973390102e-05,371.90800799801946,4.3604057282209396e-05,57.911257783998735,1.5421691959491,0.0,74.0
75,0.23046479048207402,29.66965675354004,0.0,0.5872704941650917,-0.0029732919426570677,0.993176281452179,1.0000003576278687,0.0013819942250847816,0.9999999958893349,1.0,1.0,0.5100054144859314,0.3937133252620697,0.23046478629112244,1e-06,230.52182388305664,35.49337863922119,45.39453125,0.0,0.0,0.0,0.011214154808589354,0.0,0.0,0.0,0.0,0.0,0.0,0.0,0.0,0.0,0.0,0.0,0.0,540165.0,540165.0,540165.0,540165.0,540165.0,0.0,2.0,2.0,2.0,16384.0,4060.8359375,159.203125,512.0,159.203125,128.0,0.0,0.07512467800672444,0.04503859090309107,361.1053566983957,373.96634388004895,540165.0,0.0078125,512.0,159.203125,85.0,0.0,0.0234375,16384.0,4060.8359375,158.0,0.0234375,16384.0,4060.8359375,158.0,9.293860153867094e-06,0.5398514919361538,0.10717905183611409,0.0050202179700136185,280.60778743901756,32.694965659989975,0.0009837279794737697,,8.42600129544735e-05,373.96634388004895,4.1174935176968575e-05,57.89437253505457,1.4536411120789126,0.0,75.0
76,0.2269989987835288,26.886140823364258,0.0,0.5830638647079468,-0.003001517860684544,0.9968394259611766,1.0000003576278687,0.0033719686325639486,0.9999999980131785,1.0,1.0,0.4638173580169678,0.34382230043411255,0.22699898481369019,1e-06,231.08526992797852,35.49337863922119,45.39453125,0.0,0.0,0.0,0.013275520521953391,0.0,0.0,0.0,0.0,0.0,0.0,0.0,0.0,0.0,0.0,0.0,0.0,561215.0,561215.0,561215.0,561215.0,561215.0,0.0,2.0,2.0,2.0,16384.0,4225.21875,159.2734375,400.0,159.2734375,128.0,0.0,0.0750368436486742,0.04605254248848489,372.51457125729553,376.63962922699284,561215.0,0.0078125,400.0,159.2734375,90.0,0.0,0.03125,16384.0,4225.21875,206.0,0.03125,16384.0,4225.21875,206.0,1.3028019654285428e-05,0.5176305931812026,0.10761261282042521,0.007311520050279796,279.94911844900344,33.721639409894124,0.0009115380235016346,,6.205099634826183e-05,376.63962922699284,4.340906161814928e-05,60.39381250401493,1.4604196220170707,0.0,76.0
77,0.22264125430956483,26.69693374633789,0.0,0.5842645579370959,-0.0029490807992887907,0.9971082292754074,1.0000003576278687,0.0018110102973878384,0.9999999979446674,1.0,1.0,0.44602903723716736,0.34368738532066345,0.222641259431839,1e-06,228.51251983642578,35.49337863922119,45.39453125,0.0,0.0,0.0,0.012403442400180462,0.0,0.0,0.0,0.0,0.0,0.0,0.0,0.0,0.0,0.0,0.0,0.0,535863.0,535863.0,535863.0,535863.0,535863.0,0.0,2.0,2.0,2.0,16384.0,4035.2421875,151.1875,284.0,151.1875,128.0,0.0,0.07451011061429665,0.04550163989120165,388.8786484741962,344.49242848798167,535863.0,0.0078125,284.0,151.1875,86.0,0.0,0.0234375,16384.0,4035.2421875,382.0,0.0234375,16384.0,4035.2421875,382.0,9.697493657143592e-06,0.4888745653587422,0.10708325157000723,0.005196528043597937,252.5090906280093,32.00954174203798,0.0010971050942316651,,6.193795707076788e-05,344.49242848798167,4.227797035127878e-05,57.38195243605878,1.4549131549429148,0.0,77.0
78,0.21764747169800103,31.29990577697754,0.0,0.5805616276017551,-0.0028842574884665423,0.997288991665018,1.0000004768371582,0.0021410509943962097,0.9999999979446674,1.0,1.0,0.4294910728931427,0.3503803312778473,0.2176474630832672,1e-06,227.50514221191406,35.49337863922119,45.39453125,0.0,0.0,0.0,0.01290913229278321,0.0,0.0,0.0,0.0,0.0,0.0,0.0,0.0,0.0,0.0,0.0,0.0,528904.0,528904.0,528904.0,528904.0,528904.0,0.0,2.0,2.0,2.0,16384.0,3971.2734375,160.7890625,522.0,160.7890625,128.0,0.0,0.07435312543245087,0.046215336793530286,360.5750040730069,366.7087249709293,528904.0,0.0078125,522.0,160.7890625,77.0,0.0,0.0390625,16384.0,3971.2734375,177.0,0.0390625,16384.0,3971.2734375,177.0,9.473749353072226e-06,0.5405980946051437,0.10914446178697647,0.005010703927837312,274.7984452439705,31.583622912992723,0.0009200250497087836,,5.9064943343400955e-05,366.7087249709293,3.556499723345041e-05,57.726942416979,1.4617590149864554,0.0,78.0
79,0.2300811936147511,26.363515853881836,0.0,0.5869390805562337,-0.003061350823069612,0.9969737072785695,1.0000004768371582,0.00153575767762959,0.9999999980131785,1.0,1.0,0.4632337689399719,0.3495227098464966,0.2300812005996704,1e-06,162.81605911254883,35.49337863922119,45.39453125,0.0,0.0,0.0,0.013771663035731763,0.0,0.0,0.0,0.0,0.0,0.0,0.0,0.0,0.0,0.0,0.0,0.0,558487.0,558487.0,558487.0,558487.0,558487.0,0.0,2.0,2.0,2.0,16384.0,4208.2265625,154.953125,592.0,154.953125,128.0,0.0,0.0747215269502565,0.04555084663951984,370.7938227053367,376.54820941004436,558487.0,0.0078125,592.0,154.953125,88.0,0.0,0.0234375,16384.0,4208.2265625,213.0,0.0234375,16384.0,4208.2265625,213.0,8.99536074574525e-06,0.5203503397343465,0.10755957858655368,0.005023792036809027,280.28827154892497,33.56129280105233,0.0009132749401032925,,6.2330043874681e-05,376.54820941004436,3.6229961551725864e-05,60.07062636606861,1.49227167700883,0.0,79.0
80,0.22909422731027007,20.7752628326416,0.0,0.5911697067063431,-0.00300005373769793,0.9968506611626724,1.0000003576278687,0.0015779552049934864,0.9999999979446674,1.0,1.0,0.4708554148674011,0.3580344021320343,0.2290942370891571,1e-06,164.52453231811523,35.49337863922119,45.39453125,0.0,0.0,0.0,0.01533538232013535,0.0,0.0,0.0,0.0,0.0,0.0,0.0,0.0,0.0,0.0,0.0,0.0,535780.0,535780.0,535780.0,535780.0,535780.0,0.0,2.0,2.0,2.0,16384.0,4030.625,155.15625,602.0,155.15625,128.0,0.0,0.07374386533957553,0.045091788974807534,349.2405729983931,383.53218484902754,535780.0,0.0078125,602.0,155.15625,83.0,0.0,0.015625,16384.0,4030.625,353.0,0.015625,16384.0,4030.625,353.0,9.385325980226957e-06,0.49349436742324326,0.10811042306926337,0.005028469953685999,254.60361404099967,32.26365676498972,0.0009690070291981101,35.743005351978354,5.98859041929245e-05,383.53218484902754,3.9011938497424126e-05,57.92340247204993,1.8384096010122448,0.0,80.0
81,0.21022534649819136,19.366424560546875,0.0,0.5884722641536168,-0.002726535753546549,0.9974569167409625,1.0000003576278687,0.0014742246130481362,1.0,1.0,1.0,0.43254566192626953,0.34095627069473267,0.21022534370422363,1e-06,156.01636505126953,35.49337863922119,45.39453125,0.0,0.0,0.0,0.011742384014983795,0.0,0.0,0.0,0.0,0.0,0.0,0.0,0.0,0.0,0.0,0.0,0.0,531594.0,531594.0,531594.0,531594.0,531594.0,0.0,2.0,2.0,2.0,16384.0,3985.3125,167.765625,363.0,167.765625,128.0,0.0,0.07046218043056986,0.0446264655447158,380.4152257426879,349.35115896200296,531594.0,0.0078125,363.0,167.765625,78.0,0.0,0.015625,16384.0,3985.3125,100.0,0.015625,16384.0,3985.3125,100.0,1.0473477824563592e-05,0.5000421394006268,0.1120644203998114,0.005567637970671058,255.08149615104776,32.029255221015774,0.0009561289334669709,,8.074101060628891e-05,349.35115896200296,4.0928018279373646e-05,59.57277349801734,1.5142285689944401,0.0,81.0
82,0.22675683163106441,24.86249542236328,0.0,0.5983497372695378,-0.0029484497499652207,0.9971000190292086,1.0000003576278687,0.0012869329657405615,0.9999999978712627,1.0,1.0,0.47555339336395264,0.35113272070884705,0.22675684094429016,1e-06,151.14443588256836,35.49337863922119,45.39453125,0.0,0.0,0.0,0.01190551848308782,0.0,0.0,0.0,0.0,0.0,0.0,0.0,0.0,0.0,0.0,0.0,0.0,513116.0,513116.0,513116.0,513116.0,513116.0,0.0,2.0,2.0,2.0,16384.0,3846.6953125,162.0234375,724.0,162.0234375,128.0,0.0,0.07311882929519171,0.04571641364593151,375.8911540886569,341.2663442719495,513116.0,0.0078125,724.0,162.0234375,85.0,0.0,0.0078125,16384.0,3846.6953125,468.0,0.0078125,16384.0,3846.6953125,468.0,1.4025006099538374e-05,0.5144336080666883,0.10744831157880372,0.007196455029770732,253.29527663905174,30.162914923974313,0.0009931059321388602,,7.862201891839504e-05,341.2663442719495,4.1124061681330204e-05,55.13344784406945,1.445546418079175,0.0,82.0
83,0.21478826040402055,33.7833366394043,0.0,0.5895725221469484,-0.002798021457896664,0.9973157829251783,1.0000003576278687,5.915943949996727e-12,0.9999999979446674,1.0,1.0,0.45428666472435,0.3527018129825592,0.2147882580757141,1e-06,161.28037643432617,35.49337863922119,45.39453125,0.0,0.0,0.0,0.010720512667140955,0.0,0.0,0.0,0.0,0.0,0.0,0.0,0.0,0.0,0.0,0.0,0.0,542720.0,542720.0,542720.0,542720.0,542720.0,0.0,2.0,2.0,2.0,16384.0,4082.6328125,157.3671875,443.0,157.3671875,128.0,0.0,0.07216687439294278,0.04559756374211966,390.9971140692695,347.0102338810684,542720.0,0.0078125,443.0,157.3671875,80.0,0.0,0.015625,16384.0,4082.6328125,230.0,0.015625,16384.0,4082.6328125,230.0,4.4561645094256404e-05,0.4833184411331873,0.10973159402647928,0.024184496025554836,252.57110101205762,32.22239606489893,0.0009271570015698671,,7.417693268507719e-05,347.0102338810684,4.1079940274357796e-05,59.553530710050836,1.516536133014597,0.0,83.0
84,0.23532093362882733,22.279491424560547,0.0,0.5774455149968465,-0.0031997892617558438,0.9966525614261628,1.0000003576278687,0.004554955754429102,1.0,1.0,1.0,0.4583468437194824,0.3430200517177582,0.23532092571258545,1e-06,154.36082077026367,35.49337863922119,45.39453125,0.0,0.0,0.0,0.014190442809679855,0.0,0.0,0.0,0.0,0.0,0.0,0.0,0.0,0.0,0.0,0.0,0.0,550033.0,550033.0,550033.0,550033.0,550033.0,0.0,2.0,2.0,2.0,16384.0,4128.1953125,168.9375,913.0,168.9375,128.0,0.0,0.07711080220626723,0.04647982017664845,376.29508506757327,365.4266437609913,550033.0,0.0078125,913.0,168.9375,79.0,0.0,0.0390625,16384.0,4128.1953125,280.0,0.0390625,16384.0,4128.1953125,280.0,1.2885383205030178e-05,0.5151001733677041,0.1050848777000666,0.007087385980412364,272.18356750905514,32.77241861191578,0.0011546830646693707,,7.062999065965414e-05,365.4266437609913,4.028400871902704e-05,57.80015053600073,1.4615349230589345,0.0,84.0
85,0.22038113791495562,30.63298797607422,0.0,0.591632530093193,-0.0028955258229481323,0.9973390911306653,1.0000003576278687,0.005323541350662708,1.0,1.0,1.0,0.4551124572753906,0.3273373544216156,0.22038114070892334,1e-06,156.89826202392578,35.49337863922119,45.39453125,0.0,0.0,0.0,0.01235792615417657,0.0,0.0,0.0,0.0,0.0,0.0,0.0,0.0,0.0,0.0,0.0,0.0,521156.0,521156.0,521156.0,521156.0,521156.0,0.0,2.0,2.0,2.0,16384.0,3913.9921875,157.5390625,435.0,157.5390625,128.0,0.0,0.07329023563291555,0.045961505159243556,404.35935874781177,322.21091754490044,521156.0,0.0078125,435.0,157.5390625,76.0,0.0,0.0078125,16384.0,3913.9921875,202.0,0.0078125,16384.0,3913.9921875,202.0,9.43605360979969e-06,0.4637193704836665,0.1082387887637993,0.004917655955068767,232.31923113798257,30.79539210803341,0.0009214919991791248,,6.220396608114243e-05,322.21091754490044,3.798701800405979e-05,56.40929419698659,1.5021755991037935,0.0,85.0
86,0.21509042521938682,23.973485946655273,0.0,0.5888763942888805,-0.0028175276695817176,0.9973608702421188,1.0000004768371582,1.1345515638083725e-09,1.0,1.0,1.0,0.4404960870742798,0.32257580757141113,0.21509042382240295,1e-06,209.61269760131836,35.49337863922119,45.39453125,0.0,0.0,0.0,0.012658760812233336,0.0,0.0,0.0,0.0,0.0,0.0,0.0,0.0,0.0,0.0,0.0,0.0,516231.0,516231.0,516231.0,516231.0,516231.0,0.0,2.0,2.0,2.0,16384.0,3871.75,161.3046875,897.0,161.3046875,128.0,0.0,0.07298929678695168,0.045564152712266125,382.99240766190167,336.9720846109558,516231.0,0.0078125,897.0,161.3046875,82.0,0.0,0.03125,16384.0,3871.75,290.0,0.03125,16384.0,3871.75,290.0,1.0407224791423164e-05,0.4992051997642622,0.10875617605675464,0.005372532061301172,247.39810971997213,30.730412506032735,0.0009421310387551785,,6.2693958170712e-05,336.9720846109558,3.797304816544056e-05,56.14330952195451,1.5312218649778515,0.0,86.0
87,0.23832624033093452,22.929256439208984,0.0,0.5920156141122183,-0.0031178689872225127,0.9968766709168752,1.0000004768371582,0.011903204023838043,0.999999996026357,1.0,1.0,0.49683159589767456,0.34005147218704224,0.23832625150680542,1e-06,208.1622428894043,35.49337863922119,45.39453125,0.0,0.0,0.0,0.011029810326484342,0.0,0.0,0.0,0.0,0.0,0.0,0.0,0.0,0.0,0.0,0.0,0.0,566176.0,566176.0,566176.0,566176.0,566176.0,0.0,2.0,2.0,2.0,16384.0,4266.5390625,156.7109375,343.0,156.7109375,128.0,0.0,0.07270962554925454,0.04527170223520996,386.31089755007474,366.3991901280824,566176.0,0.0078125,343.0,156.7109375,82.0,0.0,0.0078125,16384.0,4266.5390625,384.0,0.0078125,16384.0,4266.5390625,384.0,1.1211773446763546e-05,0.4893205062505514,0.10948597274517177,0.006347837042994797,267.22624691203237,34.345752186956815,0.001012825989164412,,7.223000284284353e-05,366.3991901280824,3.809994086623192e-05,61.98833010497037,1.4925230341032147,0.0,87.0
88,0.21643366245552897,29.930463790893555,0.0,0.5813338489368044,-0.002884525404279602,0.9971413489045768,1.0000004768371582,0.001727969734929502,0.9999999958893349,1.0,1.0,0.4347940683364868,0.32275456190109253,0.21643365919589996,1e-06,202.96194076538086,35.49337863922119,45.39453125,0.0,0.0,0.0,0.01177224084526172,0.0,0.0,0.0,0.0,0.0,0.0,0.0,0.0,0.0,0.0,0.0,0.0,540701.0,540701.0,540701.0,540701.0,540701.0,0.0,2.0,2.0,2.0,16384.0,4067.515625,156.7109375,412.0,156.7109375,128.0,0.0,0.07515909351998602,0.04565526470218276,380.81909619292594,354.95922171801794,540701.0,0.0078125,412.0,156.7109375,83.0,0.0,0.0390625,16384.0,4067.515625,198.0,0.0390625,16384.0,4067.515625,198.0,1.030262389241454e-05,0.5025903015814758,0.10717441274190191,0.005570639041252434,261.6696197959827,32.579925504047424,0.0010813809931278229,,7.508904673159122e-05,354.95922171801794,4.070799332112074e-05,57.949312143959105,1.6012967060087249,0.0,88.0
89,0.21537819365039468,27.539194107055664,0.0,0.5799996767725263,-0.0028550216811709106,0.9972948602267674,1.0000003576278687,0.0012563611380755901,0.9999999978712627,1.0,1.0,0.44163447618484497,0.3174050748348236,0.21537819504737854,1e-06,198.91265869140625,35.49337863922119,45.39453125,0.0,0.0,0.0,0.009574151959636115,0.0,0.0,0.0,0.0,0.0,0.0,0.0,0.0,0.0,0.0,0.0,0.0,514385.0,514385.0,514385.0,514385.0,514385.0,0.0,2.0,2.0,2.0,16384.0,3853.828125,164.8046875,859.0,164.8046875,128.0,0.0,0.07569898822592966,0.046023239326592885,373.29935434778395,344.4855944759911,514385.0,0.0078125,859.0,164.8046875,82.0,0.0,0.03125,16384.0,3853.828125,294.0,0.03125,16384.0,3853.828125,294.0,1.2975386049183223e-05,0.5199721648075498,0.10643950666313345,0.006674343952909112,256.4970691779163,30.623269453994,0.0010718879057094455,,8.29080818220973e-05,344.4855944759911,3.877701237797737e-05,54.7508856349159,1.4631449590669945,0.0,89.0
90,0.2270906949415803,32.49539566040039,0.0,0.5881573706865311,-0.002959349592856597,0.9969775564968586,1.0000004768371582,0.0011924385325983167,1.0,1.0,1.0,0.47685664892196655,0.31799089908599854,0.22709068655967712,1e-06,212.8418426513672,35.49337863922119,45.39453125,0.0,0.0,0.0,0.01398111227172194,0.0,0.0,0.0,0.0,0.0,0.0,0.0,0.0,0.0,0.0,0.0,0.0,581127.0,581127.0,581127.0,581127.0,581127.0,0.0,2.0,2.0,2.0,16384.0,4375.921875,164.1328125,837.0,164.1328125,128.0,0.0,0.07579137473306716,0.045375708395312964,363.03508291731487,400.1865297219483,581127.0,0.0078125,837.0,164.1328125,80.0,0.0,0.046875,16384.0,4375.921875,152.0,0.046875,16384.0,4375.921875,152.0,1.101378887216825e-05,0.531594536276173,0.1082783189939436,0.006400410085916519,297.7556684699375,36.43656975508202,0.0010941079817712307,,9.648897685110569e-05,400.1865297219483,4.06079925596714e-05,62.92345468199346,1.597791146952659,0.0,90.0
91,0.21493617165833712,28.597225189208984,0.0,0.589721143245697,-0.0028185217408463357,0.9971423427263896,1.0000004768371582,1.4139081372377404e-07,1.0,1.0,1.0,0.44658544659614563,0.30642959475517273,0.21493616700172424,1e-06,213.0610008239746,35.49337863922119,45.39453125,0.0,0.0,0.0,0.012691339834903677,0.0,0.0,0.0,0.0,0.0,0.0,0.0,0.0,0.0,0.0,0.0,0.0,552706.0,552706.0,552706.0,552706.0,552706.0,0.0,2.0,2.0,2.0,16384.0,4147.4375,170.578125,1552.0,170.578125,128.0,0.0,0.07450072499355483,0.04514852805615743,374.5133202625514,368.9494939809665,552706.0,0.0078125,1552.0,170.578125,88.0,0.0,0.0234375,16384.0,4147.4375,166.0,0.0234375,16384.0,4147.4375,166.0,1.0410429823073577e-05,0.5131409938968696,0.10766164964379489,0.005753907025791705,272.412185712019,33.85474530002102,0.00101883290335536,,8.584302850067616e-05,368.9494939809665,4.1326042264699936e-05,59.5052397280233,1.7021474249195307,0.0,91.0
92,0.2190583269111812,32.60896682739258,0.0,0.5917367729647406,-0.002868656028897084,0.9973230752451666,1.0000003576278687,0.0014822337543591857,1.0,1.0,1.0,0.4506361186504364,0.31216010451316833,0.2190583348274231,1e-06,229.86286544799805,35.49337863922119,45.39453125,0.0,0.0,0.0,0.01530944590922445,0.0,0.0,0.0,0.0,0.0,0.0,0.0,0.0,0.0,0.0,0.0,0.0,537887.0,537887.0,537887.0,537887.0,537887.0,0.0,2.0,2.0,2.0,16384.0,4053.5546875,148.6875,391.0,148.6875,128.0,0.0,0.0730225783055974,0.04490301367433738,366.84089716354015,366.5669532479951,537887.0,0.0078125,391.0,148.6875,79.0,0.0,0.015625,16384.0,4053.5546875,225.0,0.015625,16384.0,4053.5546875,225.0,1.0904208451322368e-05,0.5264424541482643,0.10845389453349151,0.005865231971256435,273.14729954709765,32.29818670998793,0.0009403839940205216,,7.248693145811558e-05,366.5669532479951,4.2211031541228294e-05,58.335939968936145,1.6046872889855877,0.0,92.0
93,0.22449369309470057,21.890378952026367,0.0,0.5786198300700034,-0.003038399589938983,0.9967562767767137,1.0000004768371582,0.0021383939310908318,0.9999999942318085,1.0,1.0,0.4591538608074188,0.32067784667015076,0.22449368238449097,1e-06,203.78485488891602,35.49337863922119,45.39453125,0.0,0.0,0.0,0.017616091941994046,0.0,0.0,0.0,0.0,0.0,0.0,0.0,0.0,0.0,0.0,0.0,0.0,576109.0,576109.0,576109.0,576109.0,576109.0,0.0,2.0,2.0,2.0,16384.0,4344.125,156.7265625,769.0,156.7265625,128.0,0.0,0.07444688224043172,0.04615991185949125,371.18802331855875,388.016964319977,576109.0,0.0078125,769.0,156.7265625,85.0,0.0,0.046875,16384.0,4344.125,193.0,0.046875,16384.0,4344.125,193.0,9.567918728504592e-06,0.5152661983623102,0.11011626876511166,0.005512164090760052,286.5127390669659,35.29498175100889,0.000997787108644843,,7.008900865912437e-05,388.016964319977,3.500899765640497e-05,63.43897348199971,1.5646581569453701,0.0,93.0
94,0.23325281403958797,21.977596282958984,0.0,0.5997012071311474,-0.0030091605367488228,0.9970178976655006,1.0000004768371582,0.001420463202521205,0.9999999981373549,1.0,1.0,0.5005979537963867,0.32938194274902344,0.23325282335281372,1e-06,197.7813377380371,35.49337863922119,45.39453125,0.0,0.0,0.0,0.011445671760156984,0.0,0.0,0.0,0.0,0.0,0.0,0.0,0.0,0.0,0.0,0.0,0.0,581230.0,581230.0,581230.0,581230.0,581230.0,0.0,2.0,2.0,2.0,16384.0,4382.125,158.734375,610.0,158.734375,128.0,0.0,0.07331923471320398,0.04422502218056464,375.8840899285904,386.5752871519653,581230.0,0.0078125,610.0,158.734375,87.0,0.0,0.015625,16384.0,4382.125,397.0,0.015625,16384.0,4382.125,397.0,1.0628742517174482e-05,0.5085792622122156,0.10848667522329265,0.006177744013257325,285.26821112597827,35.41194365709089,0.0009174530860036612,,6.956106517463923e-05,386.5752871519653,3.707793075591326e-05,63.05571024003439,1.4871238929918036,0.0,94.0
95,0.23176027135923505,32.72703170776367,0.0,0.5920870406874295,-0.00298546284742268,0.9970294257690167,1.0000003576278687,3.434047357586678e-07,0.9999999979446674,1.0,1.0,0.49919453263282776,0.3272900879383087,0.23176026344299316,1e-06,193.83541107177734,35.49337863922119,45.39453125,0.0,0.0,0.0,0.01266795141493966,0.0,0.0,0.0,0.0,0.0,0.0,0.0,0.0,0.0,0.0,0.0,0.0,532165.0,532165.0,532165.0,532165.0,532165.0,0.0,2.0,2.0,2.0,16384.0,3998.640625,158.8984375,560.0,158.8984375,128.0,0.0,0.07256755567721615,0.04545179601586081,388.2364544660232,342.68098337901756,532165.0,0.0078125,560.0,158.8984375,85.0,0.0,0.0234375,16384.0,3998.640625,202.0,0.0234375,16384.0,3998.640625,202.0,1.0246949845491011e-05,0.4863975254578951,0.11055584608538349,0.0054530680645257235,248.95089986501262,32.12528416106943,0.0010333000682294369,,6.559793837368488e-05,342.68098337901756,3.938202280551195e-05,58.833951832028106,1.4776442870497704,0.0,95.0
96,0.21457900758832693,22.08183479309082,0.0,0.5826000589877367,-0.0028379807808960322,0.9972777049988508,1.0000003576278687,4.474581146496348e-05,0.9999999962747097,1.0,1.0,0.4409269094467163,0.2993527948856354,0.2145790159702301,1e-06,154.14195251464844,35.49337863922119,45.39453125,0.0,0.0,0.0,0.012698152886969183,0.0,0.0,0.0,0.0,0.0,0.0,0.0,0.0,0.0,0.0,0.0,0.0,601134.0,601134.0,601134.0,601134.0,601134.0,0.0,2.0,2.0,2.0,16384.0,4540.625,155.734375,493.0,155.734375,128.0,0.0,0.07615026474805575,0.045072547508813315,382.3080891415587,393.09526601294056,601134.0,0.0078125,493.0,155.734375,86.0,0.0,0.03125,16384.0,4540.625,234.0,0.03125,16384.0,4540.625,234.0,1.2082462568333264e-05,0.4987608677029712,0.1061604750288963,0.007263179053552449,289.87981630896684,36.61819068097975,0.0010405710199847817,,7.289391942322254e-05,393.09526601294056,3.831798676401377e-05,63.81667099602055,1.509804271045141,0.0,96.0
97,0.2271052652504295,30.632686614990234,0.0,0.5838444653679343,-0.003021136484355392,0.9969255924224854,1.0000004768371582,0.00022505171364173293,1.0,1.0,1.0,0.4697556793689728,0.29819029569625854,0.2271052598953247,1e-06,158.1738739013672,35.49337863922119,45.39453125,0.0,0.0,0.0,0.0127958017097519,0.0,0.0,0.0,0.0,0.0,0.0,0.0,0.0,0.0,0.0,0.0,0.0,634888.0,634888.0,634888.0,634888.0,634888.0,0.0,2.0,2.0,2.0,16384.0,4807.8671875,152.1953125,680.0,152.1953125,128.0,0.0,0.07724259935232128,0.04662056205565699,390.5695087807557,406.38605019496754,634888.0,0.0078125,680.0,152.1953125,87.0,0.0,0.0390625,16384.0,4807.8671875,431.0,0.0390625,16384.0,4807.8671875,431.0,8.929710598823199e-06,0.4853487287436909,0.10571457413576142,0.005669366102665663,298.6870051099686,37.925302018993534,0.0009045549668371677,,7.884809747338295e-05,406.38605019496754,3.837700933218002e-05,67.1169145439053,1.4881868950324133,0.0,97.0
98,0.21168945729732513,26.40964698791504,0.0,0.5864328896557843,-0.0028068334364366753,0.9973997208807204,1.0000003576278687,0.0004993525799363852,0.9999999955848411,1.0,1.0,0.4287911355495453,0.3175721764564514,0.21168945729732513,1e-06,158.99059677124023,35.49337863922119,45.39453125,0.0,0.0,0.0,0.012595794413721672,0.0,0.0,0.0,0.0,0.0,0.0,0.0,0.0,0.0,0.0,0.0,0.0,498551.0,498551.0,498551.0,498551.0,498551.0,0.0,2.0,2.0,2.0,16384.0,3747.8125,147.1171875,270.0,147.1171875,128.0,0.0,0.07242116315865647,0.04599029042018707,336.8927275325367,369.96272051602136,498551.0,0.0078125,270.0,147.1171875,82.0,0.0,0.015625,16384.0,3747.8125,289.0,0.015625,16384.0,3747.8125,289.0,1.0346217186559572e-05,0.5907314974819371,0.10948789535479732,0.005158116924576461,283.38571397203486,29.37327295495197,0.0009484910406172276,,8.170690853148699e-05,369.96272051602136,3.645999822765589e-05,54.58529971702956,1.4501431530807167,0.0,98.0
99,0.2213933882303536,32.43892288208008,0.0,0.5825588337836727,-0.0029537263551666854,0.9970250879564593,1.0000003576278687,3.4246122595504858e-06,0.9999999980772695,1.0,1.0,0.4418550431728363,0.3099723756313324,0.2213933914899826,1e-06,142.6542739868164,35.49337863922119,45.39453125,0.0,0.0,0.0,0.015328865664947268,0.0,0.0,0.0,0.0,0.0,0.0,0.0,0.0,0.0,0.0,0.0,0.0,576015.0,576015.0,576015.0,576015.0,576015.0,0.0,2.0,2.0,2.0,16384.0,4352.53125,147.5859375,334.0,147.5859375,128.0,0.0,0.07564826357708197,0.046036744357663834,380.5814983700299,378.37822021497414,576015.0,0.0078125,334.0,147.5859375,85.0,0.0,0.0390625,16384.0,4352.53125,197.0,0.0390625,16384.0,4352.53125,197.0,1.0169361947533298e-05,0.5005923625225648,0.10797173665957409,0.005857705022208393,278.89201937802136,34.640727787977085,0.0009263820247724652,,7.865799125283957e-05,378.37822021497414,5.3611001931130886e-05,62.19333989196457,1.486136914929375,0.0,99.0
100,0.225797054823488,30.26458168029785,0.0,0.5881348494440317,-0.0029593784020107705,0.9970202930271626,1.0000003576278687,0.0017933625495061278,0.9999999981373549,1.0,1.0,0.47546714544296265,0.30533140897750854,0.22579705715179443,1e-06,133.61643600463867,35.49337863922119,45.39453125,0.0,0.0,0.0,0.013350799875297525,0.0,0.0,0.0,0.0,0.0,0.0,0.0,0.0,0.0,0.0,0.0,0.0,603646.0,603646.0,603646.0,603646.0,603646.0,0.0,2.0,2.0,2.0,16384.0,4562.71875,153.265625,324.0,153.265625,128.0,0.0,0.07561654682913432,0.04646187310916356,348.8788791827137,432.5612956379773,603646.0,0.0078125,324.0,153.265625,85.0,0.0,0.03125,16384.0,4562.71875,298.0,0.03125,16384.0,4562.71875,298.0,8.992021855475383e-06,0.4968272016684625,0.1066501205095181,0.005427998024970293,290.1609969360288,35.78661578206811,0.0009638399351388216,39.362737227929756,6.676698103547096e-05,432.5612956379773,3.817398101091385e-05,64.37891864508856,1.731271047028713,0.0,100.0
101,0.22714873496443033,26.791519165039062,0.0,0.5858812789122264,-0.0029605660781574744,0.9971016565958659,1.0000004768371582,0.0005959449918009341,0.9999999980131785,1.0,1.0,0.48249655961990356,0.3156338334083557,0.22714872658252716,1e-06,143.15570068359375,35.49337863922119,45.39453125,0.0,0.0,0.0,0.011450295322962727,0.0,0.0,0.0,0.0,0.0,0.0,0.0,0.0,0.0,0.0,0.0,0.0,552746.0,552746.0,552746.0,552746.0,552746.0,0.0,2.0,2.0,2.0,16384.0,4164.078125,154.25,491.0,154.25,128.0,0.0,0.07325113602858122,0.0466977912405139,370.8217575465007,372.6493852849817,552746.0,0.0078125,491.0,154.25,88.0,0.0,0.03125,16384.0,4164.078125,247.0,0.03125,16384.0,4164.078125,247.0,1.3392849570231908e-05,0.5172730445683069,0.11115247026112751,0.007402844028547406,275.70756730099674,32.82742321596015,0.0009715249761939049,,0.00010064698290079832,372.6493852849817,4.385504871606827e-05,61.43908332695719,1.5101351180346683,0.0,101.0
102,0.22058039251714945,16.396421432495117,0.0,0.5954720934232076,-0.002895949672286709,0.9973973353703817,1.0000003576278687,0.0003752874908968806,0.9999999940395355,1.0,1.0,0.4583762288093567,0.31098997592926025,0.22058039903640747,1e-06,161.88820266723633,35.49337863922119,45.39453125,0.0,0.0,0.0,0.013173236183744545,0.0,0.0,0.0,0.0,0.0,0.0,0.0,0.0,0.0,0.0,0.0,0.0,553541.0,553541.0,553541.0,553541.0,553541.0,0.0,2.0,2.0,2.0,16384.0,4170.390625,154.1484375,387.0,154.1484375,128.0,0.0,0.07486661296763077,0.045490980628706774,375.4383472820399,368.5964713030262,553541.0,0.0078125,387.0,154.1484375,77.0,0.0,0.015625,16384.0,4170.390625,266.0,0.015625,16384.0,4170.390625,266.0,1.1503446076603608e-05,0.5122328142990512,0.10701797265048876,0.006367629044689238,273.43499860097654,33.31198438198771,0.0010749270441010594,,7.179600652307272e-05,368.5964713030262,3.613403532654047e-05,59.2388355989242,1.4744899419602007,0.0,102.0
103,0.22330579441040754,26.6427059173584,0.0,0.6010948304207094,-0.002879469805667477,0.9972864062555374,1.0000004768371582,0.0027966757770627737,0.999999996154539,1.0,1.0,0.482176274061203,0.3173805773258209,0.22330579161643982,1e-06,172.4629020690918,35.49337863922119,45.39453125,0.0,0.0,0.0,0.010048093548375032,0.0,0.0,0.0,0.0,0.0,0.0,0.0,0.0,0.0,0.0,0.0,0.0,578186.0,578186.0,578186.0,578186.0,578186.0,0.0,2.0,2.0,2.0,11591.0,4361.0546875,156.0234375,359.0,156.0234375,128.0,0.0,0.06808885291063828,0.04297212460665151,367.8648619704197,392.9336964279646,578186.0,0.0078125,359.0,156.0234375,86.0,0.0,0.0078125,11591.0,4361.0546875,264.0,0.0078125,11591.0,4361.0546875,264.0,9.764094963033048e-06,0.5130824607812492,0.1161723250078055,0.0056454630102962255,286.410325845005,36.85163403302431,0.0007283641025424004,,7.562595419585705e-05,392.9336964279646,4.268588963896036e-05,67.16921190696303,1.5922299340600148,0.0,103.0
104,0.22202780051156878,26.437232971191406,0.0,0.5906995226596964,-0.0028534191740869448,0.9974075144734876,1.0000004768371582,1.636870550214553e-08,1.0,1.0,1.0,0.47233518958091736,0.31512451171875,0.22202779352664948,1e-06,187.55735778808594,35.49337863922119,45.39453125,0.0,0.0,0.0,0.007455117936278212,0.0,0.0,0.0,0.0,0.0,0.0,0.0,0.0,0.0,0.0,0.0,0.0,549434.0,549434.0,549434.0,549434.0,549434.0,0.0,2.0,2.0,2.0,16384.0,4144.640625,147.8125,385.0,147.8125,128.0,0.0,0.07085439291547245,0.04445021342254702,375.4932671523468,365.8081569389906,549434.0,0.0078125,385.0,147.8125,76.0,0.0,0.0234375,16384.0,4144.640625,222.0,0.0234375,16384.0,4144.640625,222.0,1.885070810812197e-05,0.5010414269597002,0.11512157985497189,0.010357219958677888,265.8094915820984,33.88107706804294,0.0010437789605930448,,7.858697790652514e-05,365.8081569389906,4.29769279435277e-05,63.251710106036626,1.5673711680574343,0.0,104.0
105,0.23616975964978337,33.74732208251953,0.0,0.5878290551550248,-0.0031716431258246303,0.9967751555583056,1.0000004768371582,2.5649458685467197e-13,0.9999999947407666,1.0,1.0,0.4876714050769806,0.30357056856155396,0.2361697554588318,1e-06,168.85927963256836,35.49337863922119,45.39453125,0.0,0.0,0.0,0.012451744871214032,0.0,0.0,0.0,0.0,0.0,0.0,0.0,0.0,0.0,0.0,0.0,0.0,630301.0,630301.0,630301.0,630301.0,630301.0,0.0,2.0,2.0,2.0,16384.0,4755.796875,168.4296875,1234.0,168.4296875,128.0,0.0,0.07139359088188009,0.04523944267791483,329.8356063565887,477.738749132026,630301.0,0.0078125,1234.0,168.4296875,85.0,0.0,0.0234375,16384.0,4755.796875,406.0,0.0234375,16384.0,4755.796875,406.0,1.1529001244095102e-05,0.5963772193803046,0.11402779486939876,0.0072667410131543875,363.0398612800054,39.266964343958534,0.0011287819361314178,,9.603903163224459e-05,477.738749132026,5.335407331585884e-05,71.8718331339769,2.0315236690221354,0.0,105.0
106,0.23099075118079782,24.490875244140625,0.0,0.5911248564720154,-0.0030523541538665694,0.9971770286560059,1.0000003576278687,1.7753718566382304e-05,0.999999996026357,1.0,1.0,0.480425626039505,0.311117023229599,0.23099073767662048,1e-06,120.30233764648438,35.49337863922119,45.39453125,0.0,0.0,0.0,0.010822400805773213,0.0,0.0,0.0,0.0,0.0,0.0,0.0,0.0,0.0,0.0,0.0,0.0,548066.0,548066.0,548066.0,548066.0,548066.0,0.0,2.0,2.0,2.0,16384.0,4126.5625,155.203125,384.0,155.203125,128.0,0.0,0.07442343974685986,0.04508885244829913,347.98973515936774,393.73718864796683,548066.0,0.0078125,384.0,155.203125,81.0,0.0,0.0234375,16384.0,4126.5625,236.0,0.0234375,16384.0,4126.5625,236.0,1.2891626097064924e-05,0.5621686350077371,0.10842333200929931,0.007065461948513985,296.9374730110867,34.49618451297283,0.0016267660539597273,,0.00014956796076148748,393.73718864796683,3.730994649231434e-05,59.42314188100863,1.6067327540367842,0.0,106.0
107,0.21611938416026533,25.62735366821289,0.0,0.5862696468830109,-0.002891914573653291,0.9973120868206025,1.0000004768371582,5.91093282764632e-07,0.9999999940395355,1.0,1.0,0.4466101825237274,0.3032403290271759,0.21611937880516052,1e-06,110.8189697265625,35.49337863922119,45.39453125,0.0,0.0,0.0,0.008201813053650161,0.0,0.0,0.0,0.0,0.0,0.0,0.0,0.0,0.0,0.0,0.0,0.0,554685.0,554685.0,554685.0,554685.0,554685.0,0.0,2.0,2.0,2.0,16384.0,4175.2265625,158.25,622.0,158.25,128.0,0.0,0.07446089169013619,0.04601625124970268,401.6897557104268,345.21978225396015,554685.0,0.0078125,622.0,158.25,79.0,0.0,0.0234375,16384.0,4175.2265625,204.0,0.0234375,16384.0,4175.2265625,204.0,1.0434727871097886e-05,0.4669716799779603,0.10806166102380405,0.005787987029179931,249.56320795894135,33.129571555997245,0.002366796019487083,,8.362403605133295e-05,345.21978225396015,4.018109757453203e-05,59.94018244498875,1.4119379069888964,0.0,107.0
108,0.22478285757824779,30.82900047302246,0.0,0.5863632957140604,-0.0029534643903995554,0.9972032109896342,1.0000003576278687,0.00265994924120605,0.9999999980131785,1.0,1.0,0.46603924036026,0.31935736536979675,0.22478285431861877,1e-06,119.07324981689453,35.49337863922119,45.39453125,0.0,0.0,0.0,0.01231251925152416,0.0,0.0,0.0,0.0,0.0,0.0,0.0,0.0,0.0,0.0,0.0,0.0,559693.0,559693.0,559693.0,559693.0,559693.0,0.0,2.0,2.0,2.0,16384.0,4218.5625,154.0390625,347.0,154.0390625,128.0,0.0,0.07588983117481617,0.0464257024041679,395.11830140235617,354.13001499394886,559693.0,0.0078125,347.0,154.0390625,79.0,0.0,0.03125,16384.0,4218.5625,171.0,0.03125,16384.0,4218.5625,171.0,1.089932873644064e-05,0.47814791501292025,0.10691042104150829,0.006100277998484671,258.1883985570166,33.37819426099304,0.0012872939696535468,,6.615195889025927e-05,354.13001499394886,3.765395376831293e-05,59.8370142839849,1.5508484690217301,0.0,108.0
109,0.22265735268592834,19.630727767944336,0.0,0.5822487058061542,-0.002953093216726274,0.9969935128183076,1.0000003576278687,0.006496921647340059,0.9999999945813959,1.0,1.0,0.46179887652397156,0.29898905754089355,0.22265735268592834,1e-06,117.3255500793457,35.49337863922119,45.39453125,0.0,0.0,0.0,0.01006584927072805,0.0,0.0,0.0,0.0,0.0,0.0,0.0,0.0,0.0,0.0,0.0,0.0,608681.0,608681.0,608681.0,608681.0,608681.0,0.0,2.0,2.0,2.0,16384.0,4598.578125,156.7421875,771.0,156.7421875,128.0,0.0,0.07791201048696578,0.047231027403648145,397.7021138854481,382.62368915602565,608681.0,0.0078125,771.0,156.7421875,80.0,0.0,0.046875,16384.0,4598.578125,290.0,0.046875,16384.0,4598.578125,290.0,8.936487158345807e-06,0.47512800029401586,0.10510562413644119,0.005439469940029085,279.66889327706303,36.27001394494437,0.000941338948905468,,6.685301195830107e-05,382.62368915602565,3.8541038520634174e-05,63.97579640499316,1.5016777459532022,0.0,109.0
110,0.22510488284751773,30.89196014404297,0.0,0.5877871196717024,-0.002957865406642668,0.9970854595303535,1.0000003576278687,2.478946271367022e-06,1.0,1.0,1.0,0.4745417535305023,0.3034665286540985,0.22510486841201782,1e-06,118.37261199951172,35.49337863922119,45.39453125,0.0,0.0,0.0,0.011128143094538245,0.0,0.0,0.0,0.0,0.0,0.0,0.0,0.0,0.0,0.0,0.0,0.0,596845.0,596845.0,596845.0,596845.0,596845.0,0.0,2.0,2.0,2.0,16384.0,4510.7265625,152.125,315.0,152.125,128.0,0.0,0.07625833646176908,0.046276098440816704,389.5485918979769,383.03629663505126,596845.0,0.0078125,315.0,152.125,81.0,0.0,0.0390625,16384.0,4510.7265625,306.0,0.0390625,16384.0,4510.7265625,306.0,9.412929667989818e-06,0.48673014505362466,0.10691571400616984,0.005618060007691383,281.02484404004645,35.73737201211043,0.0012195759918540716,,6.663601379841566e-05,383.03629663505126,3.7692952901124954e-05,63.81210932601243,1.317887376062572,0.0,110.0
111,0.2084677442908287,27.74521827697754,0.0,0.588486609980464,-0.0027338633481122088,0.9973305705934763,1.0000004768371582,0.0012063977774232626,0.9999999981373549,1.0,1.0,0.4355067014694214,0.29320967197418213,0.2084677517414093,1e-06,118.07258987426758,35.49337863922119,45.39453125,0.0,0.0,0.0,0.010348452487960458,0.0,0.0,0.0,0.0,0.0,0.0,0.0,0.0,0.0,0.0,0.0,0.0,599907.0,599907.0,599907.0,599907.0,599907.0,0.0,2.0,2.0,2.0,16384.0,4530.8125,155.9609375,490.0,155.9609375,128.0,0.0,0.07485854585678653,0.045293488848024775,401.4706372341236,373.5684159450466,599907.0,0.0078125,490.0,155.9609375,87.0,0.0,0.0234375,16384.0,4530.8125,128.0,0.0234375,16384.0,4530.8125,128.0,8.829401823561256e-06,0.46601688750120623,0.10731868481941213,0.005296819959767163,270.26369780499954,36.413677750038914,0.0010129750007763505,,6.629189010709524e-05,373.5684159450466,4.144106060266495e-05,64.38123025395907,1.3379240640206262,0.0,111.0
112,0.21287464490160346,22.195463180541992,0.0,0.59378817125603,-0.002779394625341175,0.9974247018496195,1.0000003576278687,0.003741133026778698,0.9999999977924205,1.0,1.0,0.44701653718948364,0.3185163140296936,0.2128746509552002,1e-06,112.7588005065918,35.49337863922119,45.39453125,0.0,0.0,0.0,0.010514925456812273,0.0,0.0,0.0,0.0,0.0,0.0,0.0,0.0,0.0,0.0,0.0,0.0,497614.0,497614.0,497614.0,497614.0,497614.0,0.0,2.0,2.0,2.0,16384.0,3734.109375,153.5,702.0,153.5,128.0,0.0,0.07204727649122035,0.04498549517531286,378.9169458745938,328.3133714509895,497614.0,0.0078125,702.0,153.5,77.0,0.0,0.0078125,16384.0,3734.109375,255.0,0.0078125,16384.0,3734.109375,255.0,1.0422964286852734e-05,0.5072874281936652,0.10817838583911817,0.005186612950637937,242.4661429040134,29.469731915043667,0.0010329450014978647,,6.183504592627287e-05,328.3133714509895,3.921508323401213e-05,53.831079290946946,1.3709018640220165,0.0,112.0
113,0.2186481636017561,31.885326385498047,0.0,0.5944304907763446,-0.0028494268621283548,0.9973879831808584,1.0000003576278687,1.1662896426400948e-08,1.0,1.0,1.0,0.4622136950492859,0.31439924240112305,0.21864815056324005,1e-06,114.5113296508789,35.49337863922119,45.39453125,0.0,0.0,0.0,0.007317701497986154,0.0,0.0,0.0,0.0,0.0,0.0,0.0,0.0,0.0,0.0,0.0,0.0,502909.0,502909.0,502909.0,502909.0,502909.0,0.0,2.0,2.0,2.0,16384.0,3778.015625,150.9609375,780.0,150.9609375,128.0,0.0,0.0708741423867592,0.0458114129308329,381.93528390713277,329.1846951500047,502909.0,0.0078125,780.0,150.9609375,85.0,0.0,0.0078125,16384.0,3778.015625,374.0,0.0078125,16384.0,3778.015625,374.0,1.0026388430376776e-05,0.4987501973919254,0.11116326029352294,0.005042360979132354,241.18861295597162,29.40128214401193,0.000977901043370366,,7.830397225916386e-05,329.1846951500047,4.849699325859547e-05,55.90500407095533,1.5285147359827533,0.0,113.0
114,0.22445489978417754,21.21361541748047,0.0,0.590957276282772,-0.002932982387832336,0.9970691165616435,1.0000004768371582,0.0020855239126831293,1.0,1.0,1.0,0.47462183237075806,0.2993248403072357,0.22445490956306458,1e-06,117.45286178588867,35.49337863922119,45.39453125,0.0,0.0,0.0,0.011895172583359865,0.0,0.0,0.0,0.0,0.0,0.0,0.0,0.0,0.0,0.0,0.0,0.0,577375.0,577375.0,577375.0,577375.0,577375.0,0.0,2.0,2.0,2.0,16384.0,4351.1640625,159.578125,446.0,159.578125,128.0,0.0,0.0741098800352041,0.045275051894928815,401.93822551180915,359.11923981900327,577375.0,0.0078125,446.0,159.578125,84.0,0.0,0.0234375,16384.0,4351.1640625,153.0,0.0234375,16384.0,4351.1640625,153.0,8.917294489431495e-06,0.4658671972514892,0.10785111486988393,0.005148622905835509,259.46426964201964,34.76569158898201,0.0009703689720481634,,7.867603562772274e-05,359.11923981900327,4.010298289358616e-05,62.27053744799923,1.44777141592931,0.0,114.0
115,0.2247018776834011,25.376907348632812,0.0,0.5951947146846402,-0.002943627799170152,0.99721146398975,1.0000003576278687,0.001996248960494995,0.999999996154539,1.0,1.0,0.47193270921707153,0.29702484607696533,0.2247018814086914,1e-06,119.13626480102539,35.49337863922119,45.39453125,0.0,0.0,0.0,0.012023163551930338,0.0,0.0,0.0,0.0,0.0,0.0,0.0,0.0,0.0,0.0,0.0,0.0,580886.0,580886.0,580886.0,580886.0,580886.0,0.0,2.0,2.0,2.0,16384.0,4379.359375,158.8125,361.0,158.8125,128.0,0.0,0.07220581826875405,0.044972650492727674,396.8273704625413,365.95635989203583,580886.0,0.0078125,361.0,158.8125,80.0,0.0,0.0078125,16384.0,4379.359375,193.0,0.0078125,16384.0,4379.359375,193.0,9.481421382072726e-06,0.47178388371932434,0.1099923878781912,0.005507624940946698,264.462230289937,34.99408181000035,0.0009222390362992883,,7.288693450391293e-05,365.95635989203583,4.167808219790459e-05,63.89303822501097,1.441104965051636,0.0,115.0
116,0.21805340144783258,27.076570510864258,0.0,0.5885354999838204,-0.00285684571858367,0.997283096971183,1.0000003576278687,0.004729622974991798,1.0,1.0,1.0,0.4571276903152466,0.3122062087059021,0.21805340051651,1e-06,120.80201721191406,35.49337863922119,45.39453125,0.0,0.0,0.0,0.011793992225209186,0.0,0.0,0.0,0.0,0.0,0.0,0.0,0.0,0.0,0.0,0.0,0.0,545217.0,545217.0,545217.0,545217.0,545217.0,0.0,2.0,2.0,2.0,16384.0,4107.234375,152.2734375,422.0,152.2734375,128.0,0.0,0.07437501271818538,0.0459765771872546,394.04079338740286,345.9140583599219,545217.0,0.0078125,422.0,152.2734375,86.0,0.0,0.0234375,16384.0,4107.234375,216.0,0.0234375,16384.0,4107.234375,216.0,9.532173462809193e-06,0.4792076530455568,0.10814530995367937,0.00519710301887244,251.93192260502838,32.51734467805363,0.001034824992530048,,6.243097595870495e-05,345.9140583599219,4.0202983655035496e-05,58.9626614570152,1.3223417309345677,0.0,116.0
117,0.20904036797583103,25.209339141845703,0.0,0.5966535353660584,-0.002728691906668246,0.9977090525627136,1.0000003576278687,0.0070885829627513885,0.9999999928474427,1.0,1.0,0.43699684739112854,0.31309887766838074,0.20904037356376648,1e-06,117.80821228027344,35.49337863922119,45.39453125,0.0,0.0,0.0,0.012599193062633275,0.0,0.0,0.0,0.0,0.0,0.0,0.0,0.0,0.0,0.0,0.0,0.0,470908.0,470908.0,470908.0,470908.0,470908.0,0.0,2.0,2.0,2.0,16384.0,3517.609375,161.359375,1026.0,161.359375,128.0,0.0,0.0710315854962796,0.0442774911640787,391.23040029196676,300.9147548660403,470908.0,0.0078125,1026.0,161.359375,86.0,0.0,0.0078125,16384.0,3517.609375,222.0,0.0078125,16384.0,3517.609375,222.0,1.1408716619128784e-05,0.48421910779243077,0.1102833409562468,0.005372455925680697,218.02159015997313,28.309923182008788,0.0011818230850622058,,6.420095451176167e-05,300.9147548660403,3.880891017615795e-05,51.93330752302427,1.4444156100507826,0.0,117.0
118,0.21721256524324417,23.190397262573242,0.0,0.5854430856375858,-0.002858813506840118,0.9972362045584053,1.0000003576278687,0.00605621375143528,0.9999999917786697,1.0,1.0,0.45406851172447205,0.28851187229156494,0.21721255779266357,1e-06,120.06838989257812,35.49337863922119,45.39453125,0.0,0.0,0.0,0.012739044152489254,0.0,0.0,0.0,0.0,0.0,0.0,0.0,0.0,0.0,0.0,0.0,0.0,538502.0,538502.0,538502.0,538502.0,538502.0,0.0,2.0,2.0,2.0,16384.0,4058.921875,148.125,295.0,148.125,128.0,0.0,0.07402932398993074,0.045239660443642186,394.931584322918,340.8830930319382,538502.0,0.0078125,295.0,148.125,83.0,0.0,0.03125,16384.0,4058.921875,273.0,0.03125,16384.0,4058.921875,273.0,9.632110881411422e-06,0.47697150594558213,0.10751273136415156,0.0051869109738618135,247.80673014197964,32.56537477404345,0.0009753769263625145,,6.109604146331549e-05,340.8830930319382,4.5947032049298286e-05,57.89582086505834,1.4750767949735746,0.0,118.0
119,0.20429588435217738,26.010704040527344,0.0,0.5850957948714495,-0.002691595356736798,0.9974090699106455,1.0000003576278687,3.4018892620224506e-05,0.9999999981373549,1.0,1.0,0.42676517367362976,0.27430421113967896,0.20429588854312897,1e-06,122.60411071777344,35.49337863922119,45.39453125,0.0,0.0,0.0,0.01050631786165468,0.0,0.0,0.0,0.0,0.0,0.0,0.0,0.0,0.0,0.0,0.0,0.0,606102.0,606102.0,606102.0,606102.0,606102.0,0.0,2.0,2.0,2.0,16384.0,4570.2109375,164.9609375,527.0,164.9609375,128.0,0.0,0.07423018123218428,0.046124397402329625,398.0769909763996,380.64370319002774,606102.0,0.0078125,527.0,164.9609375,84.0,0.0,0.03125,16384.0,4570.2109375,313.0,0.03125,16384.0,4570.2109375,313.0,8.141317806397237e-06,0.47237735483686955,0.10829429891839365,0.0049344690050929785,276.3346116739558,36.19642022799235,0.0009312690235674381,,6.552506238222122e-05,380.64370319002774,3.9338949136435986e-05,65.63739116303623,1.3209608090110123,0.0,119.0
120,0.21561541547998786,18.055456161499023,0.0,0.5947339832782745,-0.0028136011213064195,0.9973414897918701,1.0000003576278687,0.00725147221237421,0.9999999940395355,1.0,1.0,0.46123623847961426,0.2826588451862335,0.2156154215335846,1e-06,122.42475891113281,35.49337863922119,45.39453125,0.0,0.0,0.0,0.010249239897772593,0.0,0.0,0.0,0.0,0.0,0.0,0.0,0.0,0.0,0.0,0.0,0.0,558932.0,558932.0,558932.0,558932.0,558932.0,0.0,2.0,2.0,2.0,16384.0,4206.0390625,160.6171875,374.0,160.6171875,128.0,0.0,0.07283911633003654,0.045498011742952156,365.7804933925096,382.01326348492876,558932.0,0.0078125,374.0,160.6171875,83.0,0.0,0.015625,16384.0,4206.0390625,265.0,0.015625,16384.0,4206.0390625,265.0,8.927610250478083e-06,0.4687580916725453,0.10877675205928998,0.0049899270525202155,252.3667000880232,33.27047774195671,0.0009115230059251189,32.926059841993265,7.537705823779106e-05,382.01326348492876,3.945501521229744e-05,60.798807582003064,1.4867266599321738,0.0,120.0
121,0.21559827774763107,16.062856674194336,0.0,0.6018593242535224,-0.0027619761576016364,0.9977473616600037,1.0000003576278687,0.002832538913935423,0.9999999977075137,1.0,1.0,0.4660780727863312,0.3227854371070862,0.21559828519821167,1e-06,121.27172088623047,35.49337863922119,45.39453125,0.0,0.0,0.0,0.009157469323746717,0.0,0.0,0.0,0.0,0.0,0.0,0.0,0.0,0.0,0.0,0.0,0.0,483552.0,483552.0,483552.0,483552.0,483552.0,0.0,2.0,2.0,2.0,9791.0,3617.5859375,160.1640625,485.0,160.1640625,128.0,0.0,0.0714895243254497,0.04419594751468172,374.38567556340536,322.8969693300314,483552.0,0.0078125,485.0,160.1640625,78.0,0.0,0.0078125,9791.0,3617.5859375,266.0,0.0078125,9791.0,3617.5859375,266.0,8.877047471132988e-06,0.5177463539372934,0.10789967386136518,0.004292514058761299,239.74296693701763,28.74093098496087,0.0006027719937264919,,7.785402704030275e-05,322.8969693300314,4.2377039790153503e-05,52.175103095010854,1.4945916540455073,0.0,121.0
122,0.22279216861352324,26.452733993530273,0.0,0.5923254428238705,-0.0029050159139622903,0.9970977553005876,1.0000004768371582,0.006661287508904934,0.9999999958893349,1.0,1.0,0.4745383560657501,0.303036093711853,0.22279217839241028,1e-06,121.87725448608398,35.49337863922119,45.39453125,0.0,0.0,0.0,0.014048957978455543,0.0,0.0,0.0,0.0,0.0,0.0,0.0,0.0,0.0,0.0,0.0,0.0,536282.0,536282.0,536282.0,536282.0,536282.0,0.0,2.0,2.0,2.0,16384.0,4034.875,154.828125,405.0,154.828125,128.0,0.0,0.07484731126076613,0.045481158128342615,397.65077444675745,337.15639102307614,536282.0,0.0078125,405.0,154.828125,82.0,0.0,0.0234375,16384.0,4034.875,297.0,0.0234375,16384.0,4034.875,297.0,9.260206479793037e-06,0.47621306379915224,0.10605167998178533,0.00496608205139637,245.94690378196537,31.82496179593727,0.0009351350599899888,,7.93609069660306e-05,337.15639102307614,4.3459003791213036e-05,56.8736070439918,1.3311275580199435,0.0,122.0
123,0.20855619758367538,24.187942504882812,0.0,0.5966444721928349,-0.002712256620051684,0.9976352298701251,1.0000003576278687,0.0005521425046026707,0.9999999977924205,1.0,1.0,0.43810248374938965,0.2959294319152832,0.2085561901330948,1e-06,119.98330688476562,35.49337863922119,45.39453125,0.0,0.0,0.0,0.011380633541934745,0.0,0.0,0.0,0.0,0.0,0.0,0.0,0.0,0.0,0.0,0.0,0.0,501358.0,501358.0,501358.0,501358.0,501358.0,0.0,2.0,2.0,2.0,16384.0,3769.703125,147.15625,323.0,147.15625,128.0,0.0,0.07207575665543474,0.04582140703023213,391.2025792925032,320.39538242993876,501358.0,0.0078125,323.0,147.15625,76.0,0.0,0.0078125,16384.0,3769.703125,290.0,0.0078125,16384.0,3769.703125,290.0,1.0534608134586125e-05,0.4842497027804815,0.10922934055913164,0.00528161006513983,233.6611350850435,29.302734741009772,0.0009600709890946746,,7.480999920517206e-05,320.39538242993876,3.921997267752886e-05,54.76300372404512,1.514832641929388,0.0,123.0
124,0.20850269962102175,26.522634506225586,0.0,0.5802330537275835,-0.00274290738514427,0.9974148616646276,1.0000003576278687,0.0018901567673310637,0.9999999945813959,1.0,1.0,0.44414788484573364,0.27135369181632996,0.20850270986557007,1e-06,121.66489028930664,35.49337863922119,45.39453125,0.0,0.0,0.0,0.0067945190561603695,0.0,0.0,0.0,0.0,0.0,0.0,0.0,0.0,0.0,0.0,0.0,0.0,622699.0,622699.0,622699.0,622699.0,622699.0,0.0,2.0,2.0,2.0,16384.0,4712.640625,152.1953125,303.0,152.1953125,128.0,0.0,0.07425665819258788,0.04640377515306365,380.28891336848403,409.3591596480692,622699.0,0.015625,303.0,152.1953125,79.0,0.0,0.0390625,16384.0,4712.640625,271.0,0.0390625,16384.0,4712.640625,271.0,8.014909215862602e-06,0.5000733305937165,0.10910742815374545,0.004990875953808427,301.6532343340805,37.24240167893004,0.0009426570031791925,,6.590690463781357e-05,409.3591596480692,3.795791417360306e-05,67.94108640390914,1.3578422480495647,0.0,124.0
125,0.21012014104053378,25.9487247467041,0.0,0.5905047078286448,-0.002735720185052243,0.9975650598925929,1.0000003576278687,3.7685058487113565e-06,1.0,1.0,1.0,0.4508309066295624,0.2829235792160034,0.21012014150619507,1e-06,121.3202133178711,35.49337863922119,45.39453125,0.0,0.0,0.0,0.00840135277699559,0.0,0.0,0.0,0.0,0.0,0.0,0.0,0.0,0.0,0.0,0.0,0.0,580680.0,580680.0,580680.0,580680.0,580680.0,0.0,2.0,2.0,2.0,16384.0,4387.78125,148.78125,421.0,148.78125,128.0,0.0,0.07474648970468896,0.045430572937836734,405.6943459384583,357.8309667200083,580680.0,0.0078125,421.0,148.78125,79.0,0.0,0.0234375,16384.0,4387.78125,257.0,0.0234375,16384.0,4387.78125,257.0,8.86680803103173e-06,0.45981683614838625,0.10723432302472088,0.005148778087459505,258.24968858703505,34.84311049396638,0.0009500450687482953,,6.659992504864931e-05,357.8309667200083,3.967690281569958e-05,62.268826693994924,1.315387132926844,0.0,125.0
126,0.21540321549400687,30.13351058959961,0.0,0.5868370101369661,-0.0028618975333741,0.9972926296036819,1.0000004768371582,7.240884336567888e-09,0.9999999958893349,1.0,1.0,0.448562890291214,0.2959306538105011,0.215403214097023,1e-06,120.20863342285156,35.49337863922119,45.39453125,0.0,0.0,0.0,0.01338620671344086,0.0,0.0,0.0,0.0,0.0,0.0,0.0,0.0,0.0,0.0,0.0,0.0,536462.0,536462.0,536462.0,536462.0,536462.0,0.0,2.0,2.0,2.0,16384.0,4031.46875,159.640625,615.0,159.640625,128.0,0.0,0.07353252697105447,0.044933668860010406,395.87812854387494,338.7797666249098,536462.0,0.0078125,615.0,159.640625,86.0,0.0,0.015625,16384.0,4031.46875,313.0,0.015625,16384.0,4031.46875,313.0,1.0454308001448134e-05,0.47653410332002294,0.1078828771451115,0.005608338979072869,245.9049402680248,32.320088983979076,0.0009631279390305281,,7.39500392228365e-05,338.7797666249098,3.6942074075341225e-05,57.8750640390208,1.5041125260759145,0.0,126.0
127,0.20599107816815376,18.153663635253906,0.0,0.5866086391302255,-0.0026827040128409863,0.9976322788458604,1.0000003576278687,0.004674372263252735,0.9999999977075137,1.0,1.0,0.43867796659469604,0.30705195665359497,0.20599107444286346,1e-06,120.7831039428711,35.49337863922119,45.39453125,0.0,0.0,0.0,0.012226170305019388,0.0,0.0,0.0,0.0,0.0,0.0,0.0,0.0,0.0,0.0,0.0,0.0,484303.0,484303.0,484303.0,484303.0,484303.0,0.0,2.0,2.0,2.0,16384.0,3616.75,166.8671875,1099.0,166.8671875,128.0,0.0,0.07376228476278084,0.04489006922050034,396.1924444389468,305.59833156701643,484303.0,0.0078125,1099.0,166.8671875,87.0,0.0,0.0234375,16384.0,3616.75,208.0,0.0234375,16384.0,3616.75,208.0,1.0788161478529469e-05,0.47888813311342193,0.10773285617475847,0.005224738968536258,221.69838789606,29.209647990996018,0.0009349590400233865,,6.452098023146391e-05,305.59833156701643,3.909994848072529e-05,52.17534544400405,1.305664794985205,0.0,127.0
128,0.19657000293955207,25.41205406188965,0.0,0.5875166985723708,-0.002589826334129881,0.9977286833303946,1.0000004768371582,0.002307129791006446,0.9999999933772616,1.0,1.0,0.40570831298828125,0.27915921807289124,0.1965700089931488,1e-06,151.42386627197266,35.49337863922119,45.39453125,0.0,0.0,0.0,0.01352362188023377,0.0,0.0,0.0,0.0,0.0,0.0,0.0,0.0,0.0,0.0,0.0,0.0,497550.0,497550.0,497550.0,497550.0,497550.0,0.0,2.0,2.0,2.0,16384.0,3738.1171875,148.9921875,389.0,148.9921875,128.0,0.0,0.07325191307920596,0.04614848452031201,380.51737598410483,326.8904598070076,497550.0,0.0078125,389.0,148.9921875,86.0,0.0,0.015625,16384.0,3738.1171875,224.0,0.015625,16384.0,3738.1171875,224.0,1.1577232459204578e-05,0.5046153407590114,0.10787470807154684,0.005760252010077238,241.447843631031,29.057570197968744,0.0009375130757689476,,6.26149121671915e-05,326.8904598070076,3.6770012229681015e-05,53.67306100099813,1.571082953014411,0.0,128.0
129,0.21764934668317437,29.06969451904297,0.0,0.590508633852005,-0.002839775387352953,0.9971984465916951,1.0000004768371582,0.0004476967151276767,0.9999999980131785,1.0,1.0,0.45958688855171204,0.2908495366573334,0.21764934062957764,1e-06,152.9775047302246,35.49337863922119,45.39453125,0.0,0.0,0.0,0.014773624817219872,0.0,0.0,0.0,0.0,0.0,0.0,0.0,0.0,0.0,0.0,0.0,0.0,559804.0,559804.0,559804.0,559804.0,559804.0,0.0,2.0,2.0,2.0,16384.0,4215.734375,157.734375,846.0,157.734375,128.0,0.0,0.07529187407612155,0.045869730335086956,381.7709883010733,366.5836438300321,559804.0,0.0078125,846.0,157.734375,84.0,0.0,0.03125,16384.0,4215.734375,261.0,0.03125,16384.0,4215.734375,261.0,9.499601643001502e-06,0.5012355271582151,0.10692628460487646,0.0053179149981588125,270.47370775195304,33.53871982102282,0.00092538190074265,,7.954600732773542e-05,366.5836438300321,3.844103775918484e-05,59.85776182694826,1.499063403927721,0.0,129.0
130,0.21310799708589911,18.013933181762695,0.0,0.5879575110250904,-0.002838971258531655,0.9973428307041046,1.0000004768371582,0.007713777013123035,0.9999999923090781,1.0,1.0,0.4380083978176117,0.31716039776802063,0.21310800313949585,1e-06,143.55879974365234,35.49337863922119,45.39453125,0.0,0.0,0.0,0.011534105967580071,0.0,0.0,0.0,0.0,0.0,0.0,0.0,0.0,0.0,0.0,0.0,0.0,578756.0,578756.0,578756.0,578756.0,578756.0,0.0,2.0,2.0,2.0,16384.0,4369.6328125,151.8984375,317.0,151.8984375,128.0,0.0,0.07435139156887603,0.04593555453175754,394.1486714956935,367.09244623593986,578756.0,0.0078125,317.0,151.8984375,82.0,0.0,0.03125,16384.0,4369.6328125,263.0,0.03125,16384.0,4369.6328125,263.0,8.579992222639523e-06,0.47704996566140057,0.10867841619613616,0.004965721978805959,266.82024744397495,34.81643924000673,0.0009386439342051744,,9.183003567159176e-05,367.09244623593986,3.825791645795107e-05,62.89828544401098,1.3639468649635091,0.0,130.0
131,0.2133249919861555,29.878963470458984,0.0,0.5882443066301017,-0.0028407360700055443,0.9972606650714216,1.0000003576278687,0.0022437917068600655,1.0,1.0,1.0,0.44916003942489624,0.303943008184433,0.21332499384880066,1e-06,135.84364318847656,35.49337863922119,45.39453125,0.0,0.0,0.0,0.007385360717307776,0.0,0.0,0.0,0.0,0.0,0.0,0.0,0.0,0.0,0.0,0.0,0.0,539325.0,539325.0,539325.0,539325.0,539325.0,0.0,2.0,2.0,2.0,16384.0,4046.9921875,166.484375,1433.0,166.484375,128.0,0.0,0.07441819268293669,0.04525212771066003,372.19099600539187,362.26359972998034,539325.0,0.0078125,1433.0,166.484375,83.0,0.0,0.015625,16384.0,4046.9921875,246.0,0.015625,16384.0,4046.9921875,246.0,1.1774788845529235e-05,0.5196214974333923,0.10698008984925662,0.006350437994115055,269.1717299929587,32.76038413599599,0.0009992580162361264,,8.459400851279497e-05,362.26359972998034,5.316699389368296e-05,57.69703695795033,1.4281651129713282,0.0,131.0
132,0.19668831303715706,26.59562110900879,0.0,0.5817789044231176,-0.0026213294113404118,0.9978407919406891,1.0000004768371582,2.5319434049375644e-11,0.9999999962747097,1.0,1.0,0.407901406288147,0.28184813261032104,0.19668832421302795,1e-06,132.30715942382812,35.49337863922119,45.39453125,0.0,0.0,0.0,0.009283480077556305,0.0,0.0,0.0,0.0,0.0,0.0,0.0,0.0,0.0,0.0,0.0,0.0,600843.0,600843.0,600843.0,600843.0,600843.0,0.0,2.0,2.0,2.0,16384.0,4534.2578125,159.828125,1108.0,159.828125,128.0,0.0,0.07430123155635644,0.0468477739555688,377.3989771589751,398.0157845969079,600843.0,0.0078125,1108.0,159.828125,83.0,0.0,0.03125,16384.0,4534.2578125,294.0,0.03125,16384.0,4534.2578125,294.0,9.622720119426069e-06,0.5079603839055206,0.10852956563690086,0.005781744024716318,294.81258741300553,35.45088093203958,0.0024597409646958113,,7.387297227978706e-05,398.0157845969079,4.221091512590647e-05,65.20922980597243,1.376369780045934,0.0,132.0
133,0.22210555337369442,24.410572052001953,0.0,0.5933856685956319,-0.002900133898947388,0.9973085284233093,1.0000004768371582,2.7126229724672157e-06,1.0,1.0,1.0,0.47432178258895874,0.29671159386634827,0.22210556268692017,1e-06,120.78199768066406,35.49337863922119,45.39453125,0.0,0.0,0.0,0.011647924056160264,0.0,0.0,0.0,0.0,0.0,0.0,0.0,0.0,0.0,0.0,0.0,0.0,554089.0,554089.0,554089.0,554089.0,554089.0,0.0,2.0,2.0,2.0,16384.0,4172.234375,156.5859375,381.0,156.5859375,128.0,0.0,0.07453499100254674,0.04640367515512001,384.5294426260181,360.2383449600311,554089.0,0.0078125,381.0,156.5859375,86.0,0.0,0.0078125,16384.0,4172.234375,242.0,0.0078125,16384.0,4172.234375,242.0,1.0969270251674412e-05,0.49838397663857364,0.10678504795981145,0.006077951984480023,266.1599691879237,32.444684835965745,0.0010188929736614227,,7.164105772972107e-05,360.2383449600311,4.537100903689861e-05,59.16842043900397,1.3327239259378985,0.0,133.0
134,0.19916698429733515,27.62818145751953,0.0,0.5830276149969834,-0.002626683437623657,0.9976435555861547,1.0000003576278687,1.106869603972882e-06,0.9999999954150274,1.0,1.0,0.420572429895401,0.29575520753860474,0.19916698336601257,1e-06,121.41413116455078,35.49337863922119,45.39453125,0.0,0.0,0.0,0.009297625878109382,0.0,0.0,0.0,0.0,0.0,0.0,0.0,0.0,0.0,0.0,0.0,0.0,483186.0,483186.0,483186.0,483186.0,483186.0,0.0,2.0,2.0,2.0,16384.0,3614.6796875,160.2109375,430.0,160.2109375,128.0,0.0,0.07170420466328159,0.04510129574337682,357.3979244570751,337.98881228396203,483186.0,0.0078125,430.0,160.2109375,85.0,0.0,0.0078125,16384.0,3614.6796875,305.0,0.0078125,16384.0,3614.6796875,305.0,1.5362980326918363e-05,0.5464647456702642,0.11058624246355013,0.007423177012242377,252.83776206197217,29.265768014942296,0.0009583900682628155,,7.421302143484354e-05,337.98881228396203,3.9045000448822975e-05,53.43372415099293,1.3367415050743148,0.0,134.0
135,0.20288790948688984,22.70961570739746,0.0,0.5862634181976318,-0.0026683749406245247,0.9975648851230227,1.0000003576278687,0.003405668307095766,0.9999999958893349,1.0,1.0,0.43212634325027466,0.27638280391693115,0.2028878927230835,1e-06,125.62799072265625,35.49337863922119,45.39453125,0.0,0.0,0.0,0.010483041060446152,0.0,0.0,0.0,0.0,0.0,0.0,0.0,0.0,0.0,0.0,0.0,0.0,533224.0,533224.0,533224.0,533224.0,533224.0,0.0,2.0,2.0,2.0,16384.0,4016.8359375,148.9765625,385.0,148.9765625,128.0,0.0,0.0749072479755423,0.04570983486992228,392.3462573742014,339.76620776799973,533224.0,0.0078125,385.0,148.9765625,85.0,0.0,0.03125,16384.0,4016.8359375,344.0,0.03125,16384.0,4016.8359375,344.0,1.057716262150707e-05,0.48287103449167235,0.10683983102037554,0.0056399969616904855,248.2705567390658,32.04017359903082,0.0012912229867652059,,7.086398545652628e-05,339.76620776799973,3.8465019315481186e-05,56.969562056008726,1.347314028069377,0.0,135.0
136,0.21336474502459168,19.84442901611328,0.0,0.5946065975087029,-0.00278886645433626,0.9974658595664161,1.0000003576278687,0.001252788002602756,0.9999999957425254,1.0,1.0,0.45296573638916016,0.30213603377342224,0.21336475014686584,1e-06,121.6275520324707,35.49337863922119,45.39453125,0.0,0.0,0.0,0.010556869622502876,0.0,0.0,0.0,0.0,0.0,0.0,0.0,0.0,0.0,0.0,0.0,0.0,525635.0,525635.0,525635.0,525635.0,525635.0,0.0,2.0,2.0,2.0,16384.0,3938.328125,168.1953125,785.0,168.1953125,128.0,0.0,0.0744690171155027,0.04557406131039909,388.28803219767843,338.43111067893915,525635.0,0.0078125,785.0,168.1953125,87.0,0.0,0.015625,16384.0,3938.328125,138.0,0.015625,16384.0,3938.328125,138.0,9.889295715809082e-06,0.49286885755585247,0.10684140888056258,0.005198159953579307,248.45814830705058,31.300556992995553,0.0019105749670416117,,7.594097405672073e-05,338.43111067893915,3.879796713590622e-05,56.15958395693451,1.3254532479913905,0.0,136.0
137,0.2135478165000677,35.948875427246094,0.0,0.5768415454555961,-0.002843208621283445,0.9972071069128373,1.0000003576278687,0.004308635368943214,0.9999999964938444,1.0,1.0,0.44372105598449707,0.29244306683540344,0.21354782581329346,1e-06,120.51182174682617,35.49337863922119,45.39453125,0.0,0.0,0.0,0.013888349296501153,0.0,0.0,0.0,0.0,0.0,0.0,0.0,0.0,0.0,0.0,0.0,0.0,632224.0,632224.0,632224.0,632224.0,632224.0,0.0,2.0,2.0,2.0,16384.0,4778.453125,160.796875,448.0,160.796875,128.0,0.0,0.07675060952731298,0.046646790578035224,379.6727868548454,416.29530867701396,632224.0,0.0078125,448.0,160.796875,84.0,0.0,0.046875,16384.0,4778.453125,373.0,0.046875,16384.0,4778.453125,373.0,8.350263601539501e-06,0.5052462260588115,0.10605240823819277,0.00527923705521971,309.0298121990636,37.57265796489082,0.0009215809404850006,,7.623294368386269e-05,416.29530867701396,4.0098908357322216e-05,67.04887774598319,1.5350062539801002,0.0,137.0
138,0.21848449110984802,29.394752502441406,0.0,0.5935147484143575,-0.002865379552046458,0.9972327172756195,1.0000004768371582,2.99558032565983e-05,0.999999996026357,1.0,1.0,0.46371710300445557,0.2896817624568939,0.21848449110984802,1e-06,120.71564865112305,35.49337863922119,45.39453125,0.0,0.0,0.0,0.013242322998121381,0.0,0.0,0.0,0.0,0.0,0.0,0.0,0.0,0.0,0.0,0.0,0.0,566748.0,566748.0,566748.0,566748.0,566748.0,0.0,2.0,2.0,2.0,16384.0,4273.0625,154.65625,759.0,154.65625,128.0,0.0,0.07251935251343165,0.04608185849232618,372.2420537010591,380.63136228499934,566748.0,0.0078125,759.0,154.65625,84.0,0.0,0.015625,16384.0,4273.0625,277.0,0.015625,16384.0,4273.0625,277.0,9.443514618927666e-06,0.5158931225994169,0.11003696037399385,0.005352093023248017,282.16877519199625,33.58301386702806,0.0009555800352245569,,7.933296728879213e-05,380.63136228499934,4.538299981504679e-05,62.363227218040265,1.3665742159355432,0.0,138.0
139,0.22140639554709196,27.011926651000977,0.0,0.5882796903451284,-0.002913421004389723,0.9970660885175069,1.0000004768371582,2.32044931181008e-06,0.9999999940395355,1.0,1.0,0.4693746268749237,0.309728741645813,0.22140640020370483,1e-06,131.98186111450195,35.49337863922119,45.39453125,0.0,0.0,0.0,0.012645144944932933,0.0,0.0,0.0,0.0,0.0,0.0,0.0,0.0,0.0,0.0,0.0,0.0,564344.0,564344.0,564344.0,564344.0,564344.0,0.0,2.0,2.0,2.0,16384.0,4252.5625,156.375,465.0,156.375,128.0,0.0,0.07384828039841441,0.04645345542187512,335.57142108474443,420.4350881369319,564344.0,0.0078125,465.0,156.375,80.0,0.0,0.046875,16384.0,4252.5625,150.0,0.046875,16384.0,4252.5625,150.0,9.002165484879266e-06,0.5235769142171155,0.10997206179034223,0.0050803180783987045,284.99757456197403,33.65913288597949,0.0009928919607773423,36.627149107982405,7.674202788621187e-05,420.4350881369319,3.891100641340017e-05,62.062073239008896,1.9356343370163813,0.0,139.0
