step,actor/distillation/loss,actor/distillation/loss_max,actor/distillation/loss_min,actor/distillation/overlap_ratio,actor/distillation/overlap_token_advantage,actor/distillation/student_mass,actor/distillation/student_mass_max,actor/distillation/student_mass_min,actor/distillation/teacher_mass,actor/distillation/teacher_mass_max,actor/distillation/teacher_mass_min,actor/entropy,actor/grad_norm,actor/loss,actor/lr,actor/perf/cpu_memory_used_gb,actor/perf/max_memory_allocated_gb,actor/perf/max_memory_reserved_gb,actor/pg_clipfrac,actor/pg_clipfrac_lower,actor/pg_loss,actor/ppo_kl,critic/advantages/max,critic/advantages/mean,critic/advantages/min,critic/returns/max,critic/returns/mean,critic/returns/min,critic/rewards/max,critic/rewards/mean,critic/rewards/min,critic/score/max,critic/score/mean,critic/score/min,global_seqlen/balanced_max,global_seqlen/balanced_min,global_seqlen/max,global_seqlen/mean,global_seqlen/min,global_seqlen/minmax_diff,num_turns/max,num_turns/mean,num_turns/min,offline_teacher/response_len_max,offline_teacher/response_len_mean,offline_teacher/student_prompt_len_mean,offline_teacher/teacher_prompt_len_max,offline_teacher/teacher_prompt_len_mean,offline_teacher/topk,offline_teacher/use_teacher_prompt,perf/mfu/actor,perf/mfu/actor_infer,perf/throughput,perf/time_per_step,perf/total_num_tokens,prompt_length/clip_ratio,prompt_length/max,prompt_length/mean,prompt_length/min,response/aborted_ratio,response_length/clip_ratio,response_length/max,response_length/mean,response_length/min,response_length_non_aborted/clip_ratio,response_length_non_aborted/max,response_length_non_aborted/mean,response_length_non_aborted/min,timing_per_token_ms/adv,timing_per_token_ms/gen,timing_per_token_ms/update_actor,timing_s/adv,timing_s/gen,timing_s/old_log_prob,timing_s/reward,timing_s/save_checkpoint,timing_s/start_profile,timing_s/step,timing_s/stop_profile,timing_s/update_actor,timing_s/update_weights,training/epoch,training/global_step
1,0.3654709691181779,29.689781188964844,0.0,0.585444556630176,-0.005034907214829455,0.9979861871055935,1.0000003576278687,0.00019948094268329442,0.9999999974084937,1.0,1.0,0.32351845502853394,5.9815168380737305,0.3654709458351135,1e-06,189.3150520324707,27.768973350524902,37.3125,0.0,0.0,0.0,0.015188091313061506,0.0,0.0,0.0,0.0,0.0,0.0,0.0,0.0,0.0,0.0,0.0,0.0,418888.0,418888.0,418888.0,418888.0,418888.0,0.0,2.0,2.0,2.0,16384.0,3122.8359375,149.7265625,4906.0,1565.4375,128.0,1.0,0.07116000531940667,0.02706897457876167,276.80150705952656,378.3288650140166,418888.0,0.0078125,415.0,149.7265625,87.0,0.0,0.015625,16384.0,3122.8359375,246.0,0.015625,16384.0,3122.8359375,246.0,1.2487294687221186e-05,0.7140935648788934,0.11835173438492333,0.005230777896940708,285.4396220340859,40.082083518151194,0.000907577108591795,,0.0002167189959436655,378.3288650140166,3.6436133086681366e-05,49.57612131303176,2.0693459089379758,0.0,1.0
2,0.3508063633926213,37.59859085083008,0.0,0.5796847939491272,-0.00484459073809178,0.9981037378311157,1.0000004768371582,0.0007278337143361568,0.9999999948169874,1.0,1.0,0.29988333582878113,5.766420364379883,0.3508063554763794,1e-06,242.18941497802734,34.37610578536987,43.908203125,0.0,0.0,0.0,0.008576084334534877,0.0,0.0,0.0,0.0,0.0,0.0,0.0,0.0,0.0,0.0,0.0,0.0,423452.0,423452.0,423452.0,423452.0,423452.0,0.0,2.0,2.0,2.0,16384.0,3153.921875,154.296875,5944.0,1707.7890625,128.0,1.0,0.06991144360495873,0.043493381739757996,281.2505876657058,376.40099129616283,423452.0,0.0078125,687.0,154.296875,85.0,0.0,0.015625,16384.0,3153.921875,402.0,0.015625,16384.0,3153.921875,402.0,1.1733722125188767e-05,0.7454024714221005,0.1109453086467862,0.0049686681013554335,300.9204685180448,25.83519078907557,0.0019951278809458017,,8.69561918079853e-05,376.40099129616283,3.881286829710007e-05,46.98001283709891,1.5035118020605296,0.0,2.0
3,0.3659421894699335,29.67005157470703,0.0,0.592688299715519,-0.004983921263677378,0.9980257501204809,1.0000003576278687,0.0007106738048605621,0.9999999975164732,1.0,1.0,0.3330801725387573,5.778257369995117,0.36594220995903015,1e-06,209.19742584228516,34.37610578536987,43.908203125,0.0,0.0,0.0,0.01582604525174247,0.0,0.0,0.0,0.0,0.0,0.0,0.0,0.0,0.0,0.0,0.0,0.0,450649.0,450649.0,450649.0,450649.0,450649.0,0.0,2.0,2.0,2.0,9577.0,3363.7265625,156.96875,16652.0,1717.1171875,128.0,1.0,0.06865182925077935,0.04393505426892481,291.9307859188014,385.9210999121424,450649.0,0.0078125,483.0,156.96875,84.0,0.0,0.0078125,9577.0,3363.7265625,212.0,0.0078125,9577.0,3363.7265625,212.0,1.139995661455407e-05,0.713242247418792,0.11068033998526068,0.005137379048392177,307.0914423218928,26.691579566104338,0.0007919759955257177,,7.95070081949234e-05,385.9210999121424,3.919098526239395e-05,49.87798453401774,1.4967607189901173,0.0,3.0
4,0.3599975509569049,30.18080711364746,0.0,0.5797762637553008,-0.004966195409550615,0.9979161671970201,1.0000004768371582,0.0008076479425653815,0.9999999974084937,1.0,1.0,0.322415292263031,5.682947635650635,0.35999757051467896,1e-06,246.1564826965332,34.40374565124512,43.9921875,0.0,0.0,0.0,0.01227087361495132,0.0,0.0,0.0,0.0,0.0,0.0,0.0,0.0,0.0,0.0,0.0,0.0,428543.0,428543.0,428543.0,428543.0,428543.0,0.0,2.0,2.0,2.0,16384.0,3196.4140625,151.578125,5116.0,1547.1171875,128.0,1.0,0.0727786158909846,0.04429898343949628,305.74138279536174,350.41298309201375,428543.0,0.0078125,652.0,151.578125,82.0,0.0,0.0234375,16384.0,3196.4140625,452.0,0.0234375,16384.0,3196.4140625,452.0,1.175552027807984e-05,0.6743082666368173,0.10752147910922781,0.005037745926529169,275.8871585200541,25.84200758393854,0.0026706340722739697,,7.210602052509785e-05,350.41298309201375,4.2942119762301445e-05,46.07757722190581,1.4845040140207857,0.0,4.0
5,0.41210199519991875,30.74999237060547,0.0,0.5724845106403033,-0.007844574730067203,0.9879466220736504,1.0000003576278687,2.6175196126132505e-06,1.0,1.0,1.0,0.35321667790412903,25.87940216064453,0.41210198402404785,1e-06,247.39973068237305,34.40374565124512,43.9921875,0.0,0.0,0.0,0.06460076629203589,0.0,0.0,0.0,0.0,0.0,0.0,0.0,0.0,0.0,0.0,0.0,0.0,426327.0,426327.0,426327.0,426327.0,426327.0,0.0,2.0,2.0,2.0,16384.0,3176.6875,153.9921875,4872.0,1670.3046875,128.0,1.0,0.07364859027783546,0.04383719438676057,296.2744180134388,359.73996916320175,426327.0,0.0078125,443.0,153.9921875,87.0,0.0,0.015625,16384.0,3176.6875,127.0,0.015625,16384.0,3176.6875,127.0,1.698241025873453e-05,0.7049642229353335,0.10520166266723259,0.007240060018375516,286.6497324730735,25.69173495704308,0.001724004978314042,,7.058191113173962e-05,359.73996916320175,3.909901715815067e-05,44.85030923993327,1.4760129950009286,0.0,5.0
6,0.37638544104993343,28.65069580078125,0.0,0.5929590264956156,-0.0051097214163746685,0.9977689137061437,1.0000003576278687,0.0004745215701404959,0.9999999975164732,1.0,1.0,0.3701062798500061,5.269684791564941,0.3763854503631592,1e-06,214.3937873840332,34.40374565124512,43.9921875,0.0,0.0,0.0,0.019194988999515772,0.0,0.0,0.0,0.0,0.0,0.0,0.0,0.0,0.0,0.0,0.0,0.0,444633.0,444633.0,444633.0,444633.0,444633.0,0.0,2.0,2.0,2.0,8377.0,3306.0703125,167.625,5239.0,1564.5546875,128.0,1.0,0.070212163035735,0.044423557151501814,305.3497571901295,364.03582247090526,444633.0,0.0078125,1151.0,167.625,82.0,0.0,0.0078125,8377.0,3306.0703125,204.0,0.0078125,8377.0,3306.0703125,204.0,9.597387390150093e-06,0.679625413741741,0.108579205225461,0.004267315147444606,287.60184371098876,26.053827720927075,0.000888484064489603,,6.536790169775486e-05,364.03582247090526,3.92210204154253e-05,48.2778977570124,1.4829470291733742,0.0,6.0
7,0.35020424984395504,34.0,0.0,0.5887972387400541,-0.004793295266360722,0.9978372319178148,1.0000003576278687,0.00023929726739879698,0.9999999945813959,1.0,1.0,0.345600426197052,4.8812127113342285,0.3502042591571808,1e-06,248.00261306762695,34.40374565124512,43.9921875,0.0,0.0,0.0,0.013512222392653877,0.0,0.0,0.0,0.0,0.0,0.0,0.0,0.0,0.0,0.0,0.0,0.0,406135.0,406135.0,406135.0,406135.0,406135.0,0.0,2.0,2.0,2.0,16384.0,3014.4609375,158.46875,6594.0,1708.40625,128.0,1.0,0.07101460091693315,0.04418677992898643,293.10125208057724,346.4118603358511,406135.0,0.0078125,370.0,158.46875,78.0,0.0,0.0078125,16384.0,3014.4609375,242.0,0.0078125,16384.0,3014.4609375,242.0,1.4136654478939747e-05,0.7145390277050458,0.10813388440538353,0.0057413901668041945,275.70559837901965,24.12218826985918,0.001726140035316348,,6.693205796182156e-05,346.4118603358511,3.872113302350044e-05,43.91695514298044,1.4758555970620364,0.0,7.0
8,0.3404922215268016,28.700740814208984,0.0,0.5762761831283569,-0.004721484572181235,0.9978799794031226,1.0000003576278687,0.0004111631424166262,1.0,1.0,1.0,0.32348719239234924,4.646996974945068,0.34049221873283386,1e-06,234.67275619506836,34.54434871673584,44.12890625,0.0,0.0,0.0,0.020005349672156506,0.0,0.0,0.0,0.0,0.0,0.0,0.0,0.0,0.0,0.0,0.0,0.0,425449.0,425449.0,425449.0,425449.0,425449.0,0.0,2.0,2.0,2.0,16384.0,3175.8515625,147.96875,7404.0,1722.0625,128.0,1.0,0.07361681104887337,0.044541002420591086,285.1880330545729,372.9548146210145,425449.0,0.0078125,319.0,147.96875,83.0,0.0,0.0234375,16384.0,3175.8515625,287.0,0.0234375,16384.0,3175.8515625,287.0,1.206528878096478e-05,0.7348737584188545,0.10718263818244944,0.005133165046572685,298.7327966610901,26.013169780839235,0.00276705389842391,,0.000247561139985919,372.9548146210145,3.754603676497936e-05,45.60074623208493,1.4801419069990516,0.0,8.0
9,0.3427256653085351,29.229764938354492,0.0,0.5864204934665135,-0.004677990118839911,0.9977273543675741,1.0000003576278687,0.00037605169927701354,1.0,1.0,1.0,0.36546942591667175,4.137048244476318,0.3427256643772125,1e-06,206.1082992553711,34.54434871673584,44.12890625,0.0,0.0,0.0,0.015083507579263477,0.0,0.0,0.0,0.0,0.0,0.0,0.0,0.0,0.0,0.0,0.0,0.0,385755.0,385755.0,385755.0,385755.0,385755.0,0.0,2.0,2.0,2.0,9989.0,2859.5546875,154.15625,4001.0,1607.2265625,128.0,1.0,0.07000543293866623,0.04333924181988694,284.9048885682004,338.49454280920327,385755.0,0.0078125,565.0,154.15625,79.0,0.0,0.0078125,9989.0,2859.5546875,275.0,0.0078125,9989.0,2859.5546875,275.0,1.0472266112011613e-05,0.7403854584900245,0.10934010424978981,0.00403972901403904,270.9981066728942,23.153699577087536,0.0009006939362734556,,7.52380583435297e-05,338.49454280920327,4.0312064811587334e-05,42.17849191487767,1.4675121419131756,0.0,9.0
10,0.32032538612838835,35.97462844848633,0.0,0.5806427364764006,-0.004383725288789719,0.9977525705876558,1.0000003576278687,0.001461830921471119,0.9999999948169874,1.0,1.0,0.3543001711368561,3.387005567550659,0.32032540440559387,1e-06,248.31370162963867,34.54434871673584,44.12890625,0.0,0.0,0.0,0.01749763797978749,0.0,0.0,0.0,0.0,0.0,0.0,0.0,0.0,0.0,0.0,0.0,0.0,422113.0,422113.0,422113.0,422113.0,422113.0,0.0,2.0,2.0,2.0,16384.0,3141.1484375,156.609375,8425.0,1626.25,128.0,1.0,0.07287599584558821,0.04451676476671315,299.602588044083,352.22743130801246,422113.0,0.0078125,300.0,156.609375,81.0,0.0,0.0234375,16384.0,3141.1484375,345.0,0.0234375,16384.0,3141.1484375,345.0,1.2583137931931962e-05,0.6932576559453197,0.10759071127433807,0.005311506101861596,278.7360259529669,25.38997702114284,0.0037377839908003807,,8.463789708912373e-05,352.22743130801246,4.0972838178277016e-05,45.41543790814467,1.4740621831733733,0.0,10.0
11,0.32159841200336814,35.3044548034668,0.0,0.5803051733970642,-0.00441303875297308,0.9976824355125428,1.0000003576278687,0.0007825227803550661,1.0,1.0,1.0,0.3624230921268463,3.3400754928588867,0.3215984106063843,1e-06,240.12248611450195,34.54434871673584,44.12890625,0.0,0.0,0.0,0.01469881437253207,0.0,0.0,0.0,0.0,0.0,0.0,0.0,0.0,0.0,0.0,0.0,0.0,460743.0,460743.0,460743.0,460743.0,460743.0,0.0,2.0,2.0,2.0,16384.0,3441.484375,158.0703125,16656.0,1922.6953125,128.0,1.0,0.07305994631806134,0.04462553569347494,296.88174067082747,387.9852958950214,460743.0,0.0078125,425.0,158.0703125,88.0,0.0,0.015625,16384.0,3441.484375,430.0,0.015625,16384.0,3441.484375,430.0,1.1269753477734912e-05,0.7001675013985544,0.10720807083089863,0.005192460026592016,308.4307860410772,27.460905542131513,0.0014889491721987724,,9.640282951295376e-05,387.9852958950214,4.0211016312241554e-05,49.39536817884073,1.5322202851530164,0.0,11.0
12,0.3318090829998255,29.685331344604492,0.0,0.5895649998084359,-0.00448233587667346,0.9976449142331663,1.0000004768371582,0.0008526311721652746,0.9999999974084937,1.0,1.0,0.3801881670951843,3.3412070274353027,0.33180907368659973,1e-06,248.63558959960938,34.54434871673584,44.12890625,0.0,0.0,0.0,0.013153345162129921,0.0,0.0,0.0,0.0,0.0,0.0,0.0,0.0,0.0,0.0,0.0,0.0,422517.0,422517.0,422517.0,422517.0,422517.0,0.0,2.0,2.0,2.0,9101.0,3140.734375,160.1796875,15340.0,1679.75,128.0,1.0,0.07003394373774358,0.0434932955105247,298.1102053285733,354.32953354809433,422517.0,0.0078125,936.0,160.1796875,82.0,0.0,0.0078125,9101.0,3140.734375,237.0,0.0078125,9101.0,3140.734375,237.0,9.590899145148623e-06,0.6988978689202476,0.10871194715937793,0.004052317934110761,280.9667278761044,25.220211717067286,0.0007564059924334288,,7.585296407341957e-05,354.32953354809433,4.2014988139271736e-05,45.93264577793889,1.4830571170896292,0.0,12.0
13,0.3459046073257923,27.7142391204834,0.0,0.5821187567710876,-0.004744281163439155,0.9974545812606812,1.0000003576278687,0.0002486562298145145,0.9999999976158143,1.0,1.0,0.41535598039627075,3.345517635345459,0.3459045886993408,1e-06,246.08935546875,34.54434871673584,44.12890625,0.0,0.0,0.0,0.02149594999384135,0.0,0.0,0.0,0.0,0.0,0.0,0.0,0.0,0.0,0.0,0.0,0.0,455899.0,455899.0,455899.0,455899.0,455899.0,0.0,2.0,2.0,2.0,9590.0,3410.5546875,151.15625,13651.0,1745.90625,128.0,1.0,0.07113870053122234,0.0444219945714928,302.8982515227858,376.2806468079798,455899.0,0.0078125,332.0,151.15625,84.0,0.0,0.0078125,9590.0,3410.5546875,260.0,0.0078125,9590.0,3410.5546875,260.0,8.637349437058818e-06,0.6832010039395096,0.10758090473103725,0.003937758971005678,298.25208147079684,26.800371336052194,0.0010642330162227154,,6.710202433168888e-05,376.2806468079798,3.908202052116394e-05,49.04602688597515,1.4700219561345875,0.0,13.0
14,0.3122525177896023,27.846458435058594,0.0,0.5875552529874055,-0.004284284533122959,0.9978053854859393,1.0000004768371582,0.0002474275534041226,1.0,1.0,1.0,0.3603236973285675,2.966684103012085,0.3122525215148926,1e-06,236.55942153930664,34.54434871673584,44.12890625,0.0,0.0,0.0,0.012898014372457628,0.0,0.0,0.0,0.0,0.0,0.0,0.0,0.0,0.0,0.0,0.0,0.0,417757.0,417757.0,417757.0,417757.0,417757.0,0.0,2.0,2.0,2.0,9899.0,3099.90625,163.8203125,5943.0,1697.7578125,128.0,1.0,0.07021191262793089,0.043354821853895824,295.9979026646895,352.8378041188698,417757.0,0.0078125,886.0,163.8203125,82.0,0.0,0.0078125,9899.0,3099.90625,290.0,0.0078125,9899.0,3099.90625,290.0,9.596179208279017e-06,0.7051953225575492,0.10867815915237918,0.004008871037513018,279.81304164696485,25.289486305089667,0.0006503080949187279,,7.262500002980232e-05,352.8378041188698,4.0579820051789284e-05,45.40106173302047,1.4648358498234302,0.0,14.0
15,0.31944663636386395,29.701379776000977,0.0,0.5825605367620786,-0.0043497099735153215,0.9975364754597346,1.0000003576278687,7.993198778422084e-06,0.9999999950329462,1.0,1.0,0.38397133350372314,2.9059665203094482,0.3194466233253479,1e-06,141.29034042358398,34.54434871673584,44.12890625,0.0,0.0,0.0,0.015332456013614623,0.0,0.0,0.0,0.0,0.0,0.0,0.0,0.0,0.0,0.0,0.0,0.0,427989.0,427989.0,427989.0,427989.0,427989.0,0.0,2.0,2.0,2.0,16384.0,3182.4765625,161.1875,5093.0,1666.2578125,128.0,1.0,0.07311735556047397,0.04377920678024446,302.55347306696166,353.6474029379897,427989.0,0.0078125,419.0,161.1875,84.0,0.0,0.015625,16384.0,3182.4765625,251.0,0.015625,16384.0,3182.4765625,251.0,1.2506258041657811e-05,0.6861986052211888,0.10650441154357207,0.005352540872991085,279.5278052270878,25.896638348000124,0.0009549548849463463,,7.059099152684212e-05,353.6474029379897,3.6662910133600235e-05,45.58271659212187,1.493237234884873,0.0,15.0
16,0.3153729843907058,32.24983215332031,0.0,0.5821097064018249,-0.00431039173156023,0.9975277829170227,1.0000004768371582,0.00027551784296520054,1.0,1.0,1.0,0.3717421889305115,2.8757593631744385,0.3153730034828186,1e-06,181.38140106201172,34.54434871673584,44.12890625,0.0,0.0,0.0,0.01626367141259834,0.0,0.0,0.0,0.0,0.0,0.0,0.0,0.0,0.0,0.0,0.0,0.0,449357.0,449357.0,449357.0,449357.0,449357.0,0.0,2.0,2.0,2.0,16384.0,3347.3984375,163.203125,4363.0,1623.484375,128.0,1.0,0.07262839783154357,0.04475589111164954,293.29855697704926,383.0201251511462,449357.0,0.0078125,580.0,163.203125,93.0,0.0,0.0078125,16384.0,3347.3984375,413.0,0.0078125,16384.0,3347.3984375,413.0,1.1289544469891739e-05,0.7149820442785355,0.10611130906175112,0.0050730358343571424,306.3462115658913,26.36933947703801,0.0009188640397042036,,7.494096644222736e-05,383.0201251511462,3.785407170653343e-05,47.6818595060613,1.4692412400618196,0.0,16.0
17,0.30120520666241646,27.098674774169922,0.0,0.5862439789555289,-0.004066770875149153,0.9972819144075568,1.0000004768371582,0.0006607783725485206,0.999999997290698,1.0,1.0,0.4286821186542511,2.022421360015869,0.30120521783828735,1e-06,162.8340187072754,34.54434871673584,44.12890625,0.0,0.0,0.0,0.015348941045389934,0.0,0.0,0.0,0.0,0.0,0.0,0.0,0.0,0.0,0.0,0.0,0.0,403155.0,403155.0,403155.0,403155.0,403155.0,0.0,2.0,2.0,2.0,9086.0,2994.40625,155.2421875,7600.0,1631.96875,128.0,1.0,0.06976996558284958,0.04462532617000397,295.08543349675864,341.5578627709765,403155.0,0.0078125,305.0,155.2421875,79.0,0.0,0.0078125,9086.0,2994.40625,315.0,0.0078125,9086.0,2994.40625,315.0,1.2268636114764592e-05,0.709737007685986,0.10896222947043374,0.0049461619928479195,272.0308392539155,23.47034776909277,0.0013535611797124147,,8.433405309915543e-05,341.5578627709765,4.195794463157654e-05,43.928667622152716,1.479105798061937,0.0,17.0
18,0.275414836127311,26.764461517333984,0.0,0.5806971731640044,-0.003728787436903942,0.9970769995734805,1.0000003576278687,0.00045190038508735597,1.0,1.0,1.0,0.41350027918815613,1.5866609811782837,0.2754148244857788,1e-06,181.43731307983398,34.54434871673584,44.12890625,0.0,0.0,0.0,0.015277811126517398,0.0,0.0,0.0,0.0,0.0,0.0,0.0,0.0,0.0,0.0,0.0,0.0,379975.0,379975.0,379975.0,379975.0,379975.0,0.0,2.0,2.0,2.0,16384.0,2802.234375,166.3203125,16702.0,1785.0625,128.0,1.0,0.07218820062304389,0.04391364383952792,276.1276419566804,344.02115386514924,379975.0,0.0078125,906.0,166.3203125,83.0,0.0,0.0078125,16384.0,2802.234375,217.0,0.0078125,16384.0,2802.234375,217.0,1.3056569572490833e-05,0.7753985651263359,0.10670495815246687,0.004961170023307204,278.1246097309049,22.67779707815498,0.0009289269801229239,,9.366404265165329e-05,344.02115386514924,3.713206388056278e-05,40.5452164739836,1.4873191309161484,0.0,18.0
19,0.28643688280135393,34.724788665771484,0.0,0.5769575563344088,-0.003887924217534336,0.9967912381345575,1.0000003576278687,3.982686757808551e-05,0.999999997290698,1.0,1.0,0.43441179394721985,1.5880357027053833,0.28643688559532166,1e-06,182.81996536254883,34.54434871673584,44.12890625,0.0,0.0,0.0,0.015090191254619805,0.0,0.0,0.0,0.0,0.0,0.0,0.0,0.0,0.0,0.0,0.0,0.0,404380.0,404380.0,404380.0,404380.0,404380.0,0.0,2.0,2.0,2.0,16384.0,2996.203125,163.015625,16565.0,1670.9375,128.0,1.0,0.07298390798648312,0.045623959592680764,277.2017009733838,364.69833931396715,404380.0,0.0078125,509.0,163.015625,81.0,0.0,0.015625,16384.0,2996.203125,324.0,0.015625,16384.0,2996.203125,324.0,1.3554740469231911e-05,0.7692040520944408,0.1070016014688266,0.005481265950948,295.00052283494733,23.743153849150985,0.0014960390981286764,,9.762006811797619e-05,364.69833931396715,4.3097883462905884e-05,43.2693076019641,1.4834069730713964,0.0,19.0
20,0.28838163800537586,27.3643856048584,0.0,0.579026151787151,-0.0038625296861441298,0.9968261881308123,1.0000004768371582,4.090779798238131e-11,1.0,1.0,1.0,0.44814708828926086,1.5760395526885986,0.2883816361427307,1e-06,169.7071418762207,34.54434871673584,44.12890625,0.0,0.0,0.0,0.014814655942080373,0.0,0.0,0.0,0.0,0.0,0.0,0.0,0.0,0.0,0.0,0.0,0.0,412159.0,412159.0,412159.0,412159.0,412159.0,0.0,2.0,2.0,2.0,16384.0,3065.96875,154.0234375,5378.0,1665.6875,128.0,1.0,0.07245197547142088,0.04462341704497244,250.0929441249933,412.00582591607235,412159.0,0.0078125,358.0,154.0234375,83.0,0.0,0.015625,16384.0,3065.96875,235.0,0.015625,16384.0,3065.96875,235.0,1.278817899773778e-05,0.7667212288961849,0.10703215094705813,0.0052707630675286055,300.8951459529344,24.49725724500604,0.0016491720452904701,39.803933994844556,8.184206672012806e-05,412.00582591607235,4.596402868628502e-05,44.11426430218853,1.6057681140955538,0.0,20.0
21,0.2924844082444906,24.32180404663086,0.0,0.5805727243423462,-0.0039884482532562245,0.9967730726514544,1.0000003576278687,2.4614748326712288e-05,0.9999999943233672,1.0,1.0,0.44850441813468933,1.611751914024353,0.2924844026565552,1e-06,184.80684280395508,34.54434871673584,44.12890625,0.0,0.0,0.0,0.024070304751928364,0.0,0.0,0.0,0.0,0.0,0.0,0.0,0.0,0.0,0.0,0.0,0.0,388183.0,388183.0,388183.0,388183.0,388183.0,0.0,2.0,2.0,2.0,16384.0,2878.7265625,153.953125,4843.0,1667.1015625,128.0,1.0,0.06984741701504499,0.04298462103945796,290.82097576612404,333.6958406949416,388183.0,0.0078125,366.0,153.953125,85.0,0.0,0.0078125,16384.0,2878.7265625,369.0,0.0078125,16384.0,2878.7265625,369.0,1.2618880709685605e-05,0.7164254468470653,0.10995761189967945,0.004898434970527887,263.9862993778661,23.892391415080056,0.0009373389184474945,,7.414794526994228e-05,333.6958406949416,4.104594700038433e-05,42.68367566005327,1.4822182930074632,0.0,21.0
22,0.30213609943166375,29.402217864990234,0.0,0.5849057734012604,-0.004050967118625219,0.996474139392376,1.0000004768371582,0.0005711682606488466,1.0,1.0,1.0,0.47546282410621643,1.5755364894866943,0.3021361231803894,1e-06,143.0559844970703,34.54434871673584,44.12890625,0.0,0.0,0.0,0.013830586075224952,0.0,0.0,0.0,0.0,0.0,0.0,0.0,0.0,0.0,0.0,0.0,0.0,447899.0,447899.0,447899.0,447899.0,447899.0,0.0,2.0,2.0,2.0,16384.0,3329.6875,169.5234375,4686.0,1558.1015625,128.0,1.0,0.07159738867746239,0.04504310733214347,303.78197135576863,368.602354841074,447899.0,0.0078125,1024.0,169.5234375,77.0,0.0,0.0078125,16384.0,3329.6875,364.0,0.0078125,16384.0,3329.6875,364.0,1.1131822191880492e-05,0.6839787371234609,0.10787028833532616,0.004985932027921081,291.51173776201904,26.160440486157313,0.0016069940757006407,,7.845694199204445e-05,368.602354841074,3.964896313846111e-05,48.314994275104254,1.4503069939091802,0.0,22.0
23,0.2831141408532858,28.276824951171875,0.0,0.5896301984786987,-0.0037796654854901136,0.9972882062196732,1.0000004768371582,0.0009287182474508882,0.9999999940395355,1.0,1.0,0.4483368992805481,1.474737286567688,0.28311413526535034,1e-06,140.97682571411133,34.54434871673584,44.12890625,0.0,0.0,0.0,0.015490377321839333,0.0,0.0,0.0,0.0,0.0,0.0,0.0,0.0,0.0,0.0,0.0,0.0,358521.0,358521.0,358521.0,358521.0,358521.0,0.0,2.0,2.0,2.0,8568.0,2650.8515625,150.09375,4637.0,1526.859375,128.0,1.0,0.06977509064452428,0.043796294904372784,293.41218481558684,305.47555499896407,358521.0,0.0078125,595.0,150.09375,81.0,0.0,0.0078125,8568.0,2650.8515625,328.0,0.0078125,8568.0,2650.8515625,328.0,1.0587736822870454e-05,0.7180073840892657,0.10800920125190043,0.0037959259934723377,243.62636748794466,21.031485403887928,0.0009644958190619946,,7.706810720264912e-05,305.47555499896407,4.8174988478422165e-05,38.7235668420326,1.4627897278405726,0.0,23.0
24,0.2875722055323422,32.0707893371582,0.0,0.5827351287007332,-0.0038777283916715533,0.9966178983449936,1.0000004768371582,0.0004898811457678676,0.9999999975164732,1.0,1.0,0.4579606056213379,1.365873098373413,0.2875722050666809,1e-06,143.5164566040039,34.54434871673584,44.12890625,0.0,0.0,0.0,0.01934441069170134,0.0,0.0,0.0,0.0,0.0,0.0,0.0,0.0,0.0,0.0,0.0,0.0,434988.0,434988.0,434988.0,434988.0,434988.0,0.0,2.0,2.0,2.0,16384.0,3237.34375,161.0,4141.0,1654.671875,128.0,1.0,0.07100323911676214,0.04316690862911418,306.8336092324661,354.41684589907527,434988.0,0.0078125,552.0,161.0,83.0,0.0,0.0078125,16384.0,3237.34375,183.0,0.0078125,16384.0,3237.34375,183.0,1.5943710838133835e-05,0.671611486797387,0.10765028110686106,0.00693532289005816,278.3023678991012,26.6614437259268,0.0013953407760709524,,6.828992627561092e-05,354.41684589907527,4.297308623790741e-05,46.82658047811128,1.501935422187671,0.0,24.0
25,0.28966574370861053,32.1392936706543,0.0,0.5899009789739337,-0.003931407994102864,0.9967603371256873,1.0000004768371582,2.901004336308688e-05,1.0,1.0,1.0,0.458276629447937,1.413214087486267,0.28966575860977173,1e-06,139.02698135375977,34.54434871673584,44.12890625,0.0,0.0,0.0,0.02009092933093641,0.0,0.0,0.0,0.0,0.0,0.0,0.0,0.0,0.0,0.0,0.0,0.0,384227.0,384227.0,384227.0,384227.0,384227.0,0.0,2.0,2.0,2.0,7953.0,2849.9296875,151.84375,7901.0,1662.953125,128.0,1.0,0.06943278440558415,0.04280784830172255,293.1526567538695,327.6680179659743,384227.0,0.0078125,336.0,151.84375,81.0,0.0,0.0078125,7953.0,2849.9296875,268.0,0.0078125,7953.0,2849.9296875,268.0,9.71523638429222e-06,0.7161879248473366,0.10787101304993815,0.0037328561302274466,261.25890929298475,22.890123282093555,0.0005327269900590181,,8.871103636920452e-05,327.6680179659743,3.901892341673374e-05,41.44695573113859,1.4999640178866684,0.0,25.0
26,0.2916049025952816,25.85443115234375,0.0,0.581981044748555,-0.003906190122032295,0.9963919701783553,1.0000004768371582,0.0006253428291529417,1.0,1.0,1.0,0.4857437014579773,1.3148760795593262,0.2916048765182495,1e-06,139.80081939697266,34.54434871673584,44.12890625,0.0,0.0,0.0,0.01601976858775901,0.0,0.0,0.0,0.0,0.0,0.0,0.0,0.0,0.0,0.0,0.0,0.0,419498.0,419498.0,419498.0,419498.0,419498.0,0.0,2.0,2.0,2.0,16384.0,3120.7421875,156.5859375,6818.0,1744.3984375,128.0,1.0,0.07227751565360409,0.04391740434020136,281.81336278444127,372.14168612798676,419498.0,0.0078125,412.0,156.5859375,85.0,0.0,0.0078125,16384.0,3120.7421875,447.0,0.0078125,16384.0,3120.7421875,447.0,1.249264352438243e-05,0.7498519164332936,0.10703352550421139,0.0052406389731913805,299.53209727886133,25.09840342286043,0.0019705549348145723,,9.216112084686756e-05,372.14168612798676,3.961706534028053e-05,44.90034988196567,1.4619160410948098,0.0,26.0
27,0.28568105679005384,30.795969009399414,0.0,0.5859875559806824,-0.0038190057501196863,0.9968846946954727,1.0000004768371582,0.0003834869130514562,1.0,1.0,1.0,0.46802425384521484,1.291856050491333,0.2856810688972473,1e-06,139.12010955810547,34.54434871673584,44.12890625,0.0,0.0,0.0,0.014278172375634312,0.0,0.0,0.0,0.0,0.0,0.0,0.0,0.0,0.0,0.0,0.0,0.0,377394.0,377394.0,377394.0,377394.0,377394.0,0.0,2.0,2.0,2.0,9169.0,2791.828125,156.5625,12848.0,1703.1640625,128.0,1.0,0.06880414428428502,0.04362403804846485,283.95701423007773,332.26331899501383,377394.0,0.0078125,497.0,156.5625,82.0,0.0,0.0078125,9169.0,2791.828125,186.0,0.0078125,9169.0,2791.828125,186.0,1.0135280285351513e-05,0.7449121366259671,0.10947726482133122,0.0038249939680099487,266.19733167183585,22.652512753149495,0.000835418002679944,,0.00010047387331724167,332.26331899501383,3.957701846957207e-05,41.31606287998147,1.4813186780083925,0.0,27.0
28,0.27712681284174323,28.59370231628418,0.0,0.5776769771025732,-0.0037244845969745745,0.9967439289276416,1.0000004768371582,0.0009316426003351808,0.9999999977075137,1.0,1.0,0.4438718855381012,1.2733906507492065,0.2771267890930176,1e-06,140.6378631591797,34.54434871673584,44.12890625,0.0,0.0,0.0,0.015009824883936044,0.0,0.0,0.0,0.0,0.0,0.0,0.0,0.0,0.0,0.0,0.0,0.0,493694.0,493694.0,493694.0,493694.0,493694.0,0.0,2.0,2.0,2.0,16384.0,3704.5859375,152.3984375,4721.0,1615.1328125,128.0,1.0,0.07343905160804634,0.04534867542504533,298.1712868363044,413.93489396502264,493694.0,0.0078125,305.0,152.3984375,82.0,0.0,0.03125,16384.0,3704.5859375,282.0,0.03125,16384.0,3704.5859375,282.0,1.7936898442557407e-05,0.6937631001165028,0.10745595161611393,0.008855339139699936,328.9734431549441,29.299091445980594,0.001017234055325389,,6.686407141387463e-05,413.93489396502264,4.303501918911934e-05,53.05035857716575,1.4834759358782321,0.0,28.0
29,0.2721692677587271,24.768600463867188,0.0,0.5883706756260084,-0.003631962949167127,0.9971885318341462,1.0000004768371582,0.0009135970612987876,1.0,1.0,1.0,0.43673431873321533,1.2237147092819214,0.272169291973114,1e-06,141.48036193847656,34.54434871673584,44.12890625,0.0,0.0,0.0,0.017143954828497954,0.0,0.0,0.0,0.0,0.0,0.0,0.0,0.0,0.0,0.0,0.0,0.0,417076.0,417076.0,417076.0,417076.0,417076.0,0.0,2.0,2.0,2.0,16384.0,3084.46875,173.9375,4470.0,1787.03125,128.0,1.0,0.07105858508007785,0.0438215474546868,293.69346828321727,355.02662217686884,417076.0,0.0078125,1277.0,173.9375,90.0,0.0,0.0078125,16384.0,3084.46875,600.0,0.0078125,16384.0,3084.46875,600.0,1.2131043376466288e-05,0.7161194301440874,0.1074089969479214,0.005059567047283053,282.73254445404746,24.841737031936646,0.0009136698208749294,,7.488112896680832e-05,355.02662217686884,3.738701343536377e-05,44.797714811051264,1.47826819983311,0.0,29.0
30,0.29572100564837456,33.82378387451172,0.0,0.5797889108459154,-0.003975207975599915,0.9966685002048811,1.0000004768371582,0.00031446508364751935,0.9999999950329462,1.0,1.0,0.4720417261123657,1.251300573348999,0.29572099447250366,1e-06,143.36681747436523,34.54434871673584,44.12890625,0.0,0.0,0.0,0.017857914082317922,0.0,0.0,0.0,0.0,0.0,0.0,0.0,0.0,0.0,0.0,0.0,0.0,448012.0,448012.0,448012.0,448012.0,448012.0,0.0,2.0,2.0,2.0,16384.0,3352.5390625,147.5546875,5396.0,1585.5859375,128.0,1.0,0.07143533755959197,0.04558219730258379,307.3065808874586,364.4666498079896,448012.0,0.0078125,296.0,147.5546875,77.0,0.0,0.015625,16384.0,3352.5390625,260.0,0.015625,16384.0,3352.5390625,260.0,1.5011604673567177e-05,0.6688990329739228,0.1088861300655681,0.006725379033014178,287.04129752493463,26.09285426000133,0.0015753780025988817,,7.260194979608059e-05,364.4666498079896,3.849784843623638e-05,48.782292902935296,1.5048968398477882,0.0,30.0
31,0.27461171662434936,27.19481658935547,0.0,0.568407844219889,-0.003708791744429618,0.9965373980147498,1.0000004768371582,0.0007096665794961154,1.0,1.0,1.0,0.450976699590683,1.0815575122833252,0.2746117115020752,1e-06,143.53810501098633,34.54434871673584,44.12890625,0.0,0.0,0.0,0.01708359672868807,0.0,0.0,0.0,0.0,0.0,0.0,0.0,0.0,0.0,0.0,0.0,0.0,515607.0,515607.0,515607.0,515607.0,515607.0,0.0,2.0,2.0,2.0,16384.0,3871.515625,156.6640625,5813.0,1651.953125,128.0,1.0,0.07647560747833632,0.04621049712292064,306.56611492222413,420.46965964487754,515607.0,0.0078125,377.0,156.6640625,86.0,0.0,0.046875,16384.0,3871.515625,268.0,0.046875,16384.0,3871.515625,268.0,9.61410740152618e-06,0.6720858271549608,0.10554031703227448,0.004957101074978709,333.05481998994946,30.38186906487681,0.0009257439523935318,,7.659895345568657e-05,420.46965964487754,3.918609581887722e-05,54.41732624405995,1.525855575921014,0.0,31.0
32,0.2626005234196782,25.057218551635742,0.0,0.5897247817205347,-0.00349355840286159,0.99688321352005,1.0000003576278687,0.0005133462836965919,1.0,1.0,1.0,0.44861647486686707,0.8851035237312317,0.26260054111480713,1e-06,144.1200065612793,34.54434871673584,44.12890625,0.0,0.0,0.0,0.01772443900573189,0.0,0.0,0.0,0.0,0.0,0.0,0.0,0.0,0.0,0.0,0.0,0.0,421972.0,421972.0,421972.0,421972.0,421972.0,0.0,2.0,2.0,2.0,16384.0,3145.0078125,151.6484375,5458.0,1603.7734375,128.0,1.0,0.07022675199381355,0.043318681266237946,303.3393948562898,347.77217133296654,421972.0,0.0078125,338.0,151.6484375,84.0,0.0,0.0078125,16384.0,3145.0078125,336.0,0.0078125,16384.0,3145.0078125,336.0,1.2106845856165464e-05,0.6784325452664542,0.10979355049368289,0.005108749959617853,273.1104838550091,25.492420519003645,0.0017236971762031317,,7.631606422364712e-05,347.77217133296654,3.707315772771835e-05,46.329804088920355,1.5042550668586046,0.0,32.0
33,0.2623180327937007,32.68058776855469,0.0,0.5804726456602415,-0.003529867002119621,0.9965908254186312,1.0000004768371582,0.001428663032129407,1.0,1.0,1.0,0.4451596140861511,0.9524516463279724,0.2623180150985718,1e-06,137.61060333251953,34.54434871673584,44.12890625,0.0,0.0,0.0,0.01851497747702524,0.0,0.0,0.0,0.0,0.0,0.0,0.0,0.0,0.0,0.0,0.0,0.0,432839.0,432839.0,432839.0,432839.0,432839.0,0.0,2.0,2.0,2.0,16384.0,3216.171875,165.3828125,4914.0,1729.734375,128.0,1.0,0.07295730047778748,0.04320324857235447,288.3757875497195,375.2386804712005,432839.0,0.0078125,313.0,165.3828125,88.0,0.0,0.015625,16384.0,3216.171875,277.0,0.015625,16384.0,3216.171875,277.0,1.1370643506216425e-05,0.7287981959314027,0.10651466742811627,0.004921657964587212,300.02435331908055,26.541539046913385,0.0009183259680867195,,8.961791172623634e-05,375.2386804712005,4.1964929550886154e-05,46.10370213491842,1.4607459851540625,0.0,33.0
34,0.26667656376957893,31.54106330871582,0.0,0.5857818235050548,-0.0035435545406388965,0.996656829660589,1.0000004768371582,0.0005954710650257766,0.999999997290698,1.0,1.0,0.46718305349349976,0.8130309581756592,0.26667654514312744,1e-06,134.70936584472656,34.54434871673584,44.12890625,0.0,0.0,0.0,0.012304510392079299,0.0,0.0,0.0,0.0,0.0,0.0,0.0,0.0,0.0,0.0,0.0,0.0,408796.0,408796.0,408796.0,408796.0,408796.0,0.0,2.0,2.0,2.0,8208.0,3039.625,154.09375,14558.0,1634.09375,128.0,1.0,0.06915261336802785,0.044409848272954446,296.12436631448696,345.1218866989948,408796.0,0.0078125,389.0,154.09375,78.0,0.0,0.0078125,8208.0,3039.625,325.0,0.0078125,8208.0,3039.625,325.0,9.156899626464366e-06,0.7024629631047237,0.11189334042863724,0.0037433039397001266,273.30866998108104,24.020525770960376,0.0008042720146477222,,9.379093535244465e-05,345.1218866989948,3.844010643661022e-05,45.74154999386519,1.4889542181044817,0.0,34.0
35,0.2516209767200053,26.386789321899414,0.0,0.5754465894265608,-0.0034051600166342473,0.9961914663965051,1.0000004768371582,2.35776933550369e-05,0.999999997290698,1.0,1.0,0.44506558775901794,0.8280906081199646,0.25162097811698914,1e-06,136.74135971069336,34.54434871673584,44.12890625,0.0,0.0,0.0,0.011157656607048755,0.0,0.0,0.0,0.0,0.0,0.0,0.0,0.0,0.0,0.0,0.0,0.0,408876.0,408876.0,408876.0,408876.0,408876.0,0.0,2.0,2.0,2.0,16384.0,3038.8671875,155.4765625,5081.0,1615.4296875,128.0,1.0,0.069858885704756,0.04396002075067698,296.5728554260921,344.66741689201444,408876.0,0.0078125,384.0,155.4765625,87.0,0.0,0.0078125,16384.0,3038.8671875,252.0,0.0078125,16384.0,3038.8671875,252.0,1.2752254778245814e-05,0.6960276320509149,0.11205544846360374,0.005214090924710035,270.7373481770046,25.251404914073646,0.001558359945192933,,9.191897697746754e-05,344.66741689201444,4.094792529940605e-05,45.816783546004444,1.4525165879167616,0.0,35.0
36,0.2439509378746152,37.89764404296875,0.0,0.567295851615759,-0.003290439499183916,0.9963566660881042,1.0000004768371582,3.49035578217638e-10,0.9999999954150274,1.0,1.0,0.43408411741256714,0.8089556097984314,0.24395093321800232,1e-06,140.90180587768555,34.54434871673584,44.12890625,0.0,0.0,0.0,0.013814095876743803,0.0,0.0,0.0,0.0,0.0,0.0,0.0,0.0,0.0,0.0,0.0,0.0,487362.0,487362.0,487362.0,487362.0,487362.0,0.0,2.0,2.0,2.0,16384.0,3640.890625,166.625,6962.0,1761.53125,128.0,1.0,0.07304532643142923,0.04446807996897548,305.25839191850827,399.1389040420763,487362.0,0.0078125,759.0,166.625,88.0,0.0,0.03125,16384.0,3640.890625,399.0,0.03125,16384.0,3640.890625,399.0,9.937816131453292e-06,0.6722378374708319,0.10864338364480589,0.004843313945457339,313.28568834788166,29.904164124047384,0.0008945080917328596,,0.00024530920200049877,399.1389040420763,4.3871114030480385e-05,52.94865673989989,1.641211146954447,0.0,36.0
37,0.25759943621233106,25.33761215209961,0.0,0.5751390051841736,-0.003501824764534831,0.9959527087211609,1.0000004768371582,3.5013979413633933e-06,0.9999999952316284,1.0,1.0,0.4613494873046875,0.8167868852615356,0.257599413394928,1e-06,125.94696807861328,34.54434871673584,44.12890625,0.0,0.0,0.0,0.014887670651078225,0.0,0.0,0.0,0.0,0.0,0.0,0.0,0.0,0.0,0.0,0.0,0.0,459787.0,459787.0,459787.0,459787.0,459787.0,0.0,2.0,2.0,2.0,16384.0,3438.3125,153.7734375,16559.0,1735.9921875,128.0,1.0,0.0730351959226672,0.04493006381215999,298.5068732769424,385.07237283396535,459787.0,0.0078125,374.0,153.7734375,79.0,0.0,0.0234375,16384.0,3438.3125,431.0,0.0234375,16384.0,3438.3125,431.0,1.0934502042772837e-05,0.6942026491672748,0.10792899176587409,0.005027541890740395,305.5213627091143,27.343270977959037,0.0008843438699841499,,0.00010116188786923885,385.07237283396535,3.961916081607342e-05,49.62434733705595,1.4798332380596548,0.0,37.0
38,0.2663817568682134,30.16307258605957,0.0,0.5790281503096871,-0.0035871927747907844,0.9960747879484425,1.0000004768371582,0.0021957962308079004,0.9999999974084937,1.0,1.0,0.47838279604911804,0.9116053581237793,0.26638174057006836,1e-06,125.99418258666992,34.54434871673584,44.12890625,0.0,0.0,0.0,0.01996977224758745,0.0,0.0,0.0,0.0,0.0,0.0,0.0,0.0,0.0,0.0,0.0,0.0,434208.0,434208.0,434208.0,434208.0,434208.0,0.0,2.0,2.0,2.0,16384.0,3244.578125,147.671875,4214.0,1690.3203125,128.0,1.0,0.06989876093193076,0.04312052228182278,284.27604487930574,381.8541940320283,434208.0,0.0078125,344.0,147.671875,78.0,0.0,0.0078125,16384.0,3244.578125,422.0,0.0078125,16384.0,3244.578125,422.0,1.4557723554173973e-05,0.7304915528840563,0.11206762221325958,0.006321080029010773,303.3775248620659,26.925102757057175,0.0015953539405018091,,6.303004920482635e-05,381.8541940320283,4.0699029341340065e-05,48.66065810597502,1.5814549399074167,0.0,38.0
39,0.2844109181314707,25.86106300354004,0.0,0.592207245528698,-0.0037692194164264947,0.9956368034084638,1.0000003576278687,0.000421397911850363,0.9999999975164732,1.0,1.0,0.529475748538971,0.8824957609176636,0.28441092371940613,1e-06,120.9598274230957,34.54434871673584,44.12890625,0.0,0.0,0.0,0.0167686292528136,0.0,0.0,0.0,0.0,0.0,0.0,0.0,0.0,0.0,0.0,0.0,0.0,431923.0,431923.0,431923.0,431923.0,431923.0,0.0,2.0,2.0,2.0,9798.0,3203.484375,170.9140625,16661.0,1695.2890625,128.0,1.0,0.07070406224222289,0.04300252969994853,291.9818783219123,369.82004027301446,431923.0,0.0078125,626.0,170.9140625,86.0,0.0,0.0078125,9798.0,3203.484375,315.0,0.0078125,9798.0,3203.484375,315.0,9.57808008395679e-06,0.7178691742022929,0.10865407990297188,0.004136993084102869,294.3593834049534,26.280669107101858,0.0006004178430885077,,7.435004226863384e-05,369.82004027301446,3.797304816544056e-05,46.93019615393132,1.4524486709851772,0.0,39.0
40,0.2650122055783868,35.744319915771484,0.0,0.5864863084710162,-0.0035390072279488263,0.9959737891736238,1.0000003576278687,0.0007976907072588801,0.9999999974084937,1.0,1.0,0.49219876527786255,0.7898483872413635,0.2650122046470642,1e-06,130.7370376586914,34.54434871673584,44.12890625,0.0,0.0,0.0,0.013343056041301916,0.0,0.0,0.0,0.0,0.0,0.0,0.0,0.0,0.0,0.0,0.0,0.0,417627.0,417627.0,417627.0,417627.0,417627.0,0.0,2.0,2.0,2.0,9756.0,3103.6171875,159.09375,16565.0,1785.234375,128.0,1.0,0.06933189213376181,0.042532816282104265,256.245445802633,407.44821697403677,417627.0,0.0078125,568.0,159.09375,77.0,0.0,0.0078125,9756.0,3103.6171875,286.0,0.0078125,9756.0,3103.6171875,286.0,1.2275738912127315e-05,0.7445546324574348,0.1105849826974546,0.005126680014654994,295.78400695393793,25.417042565066367,0.0008149938657879829,37.32880900683813,6.676907651126385e-05,407.44821697403677,3.8933008909225464e-05,46.18327456898987,2.054742980049923,0.0,40.0
41,0.2534613385796547,31.480632781982422,0.0,0.5714234213034312,-0.0034404335116657117,0.9959880486130714,1.0000003576278687,0.001307023223489523,0.9999999950329462,1.0,1.0,0.4674592614173889,0.7021957039833069,0.2534613311290741,1e-06,136.95398330688477,34.699602127075195,44.365234375,0.0,0.0,0.0,0.00889847969422893,0.0,0.0,0.0,0.0,0.0,0.0,0.0,0.0,0.0,0.0,0.0,0.0,445523.0,445523.0,445523.0,445523.0,445523.0,0.0,2.0,2.0,2.0,16384.0,3321.8203125,158.828125,9238.0,1840.4296875,128.0,1.0,0.07168236226855024,0.04549266531668647,290.5829149020512,383.3010968230665,445523.0,0.0078125,460.0,158.828125,77.0,0.0,0.0234375,16384.0,3321.8203125,163.0,0.0234375,16384.0,3321.8203125,163.0,1.874607584390008e-05,0.7182591225846615,0.10970033082018528,0.008351807948201895,305.39875110914,26.344982973998412,0.0009340308606624603,,8.103903383016586e-05,383.3010968230665,4.133698530495167e-05,48.874020488001406,1.5329343038611114,0.0,41.0
42,0.27038798900321126,24.86058235168457,0.0,0.5807528868317604,-0.0036144924573212243,0.9956048106153806,1.0000004768371582,0.0007996385684236884,0.9999999975164732,1.0,1.0,0.5040860772132874,0.6925526261329651,0.27038800716400146,1e-06,130.42978286743164,34.699602127075195,44.365234375,0.0,0.0,0.0,0.015582006725405032,0.0,0.0,0.0,0.0,0.0,0.0,0.0,0.0,0.0,0.0,0.0,0.0,431453.0,431453.0,431453.0,431453.0,431453.0,0.0,2.0,2.0,2.0,16384.0,3220.5,150.2265625,5965.0,1624.375,128.0,1.0,0.07279754130972896,0.043625186651826076,296.43248049926785,363.87122564413585,431453.0,0.0078125,404.0,150.2265625,83.0,0.0,0.015625,16384.0,3220.5,360.0,0.015625,16384.0,3220.5,360.0,1.1954715687122595e-05,0.7021058489461497,0.10638915083899066,0.005157897947356105,289.4248814759776,26.02554282802157,0.002134591108188033,,8.706306107342243e-05,363.87122564413585,3.961101174354553e-05,45.90191829693504,1.4348084900993854,0.0,42.0
43,0.2577457558363676,29.54169464111328,0.0,0.5815555290742354,-0.0034888416359370403,0.9963325153697621,1.0000003576278687,0.001002955948933959,1.0,1.0,1.0,0.4664298892021179,0.6681188344955444,0.25774574279785156,1e-06,134.66082000732422,34.699602127075195,44.365234375,0.0,0.0,0.0,0.014414317974693735,0.0,0.0,0.0,0.0,0.0,0.0,0.0,0.0,0.0,0.0,0.0,0.0,398279.0,398279.0,398279.0,398279.0,398279.0,0.0,2.0,2.0,2.0,10021.0,2957.3828125,154.171875,4981.0,1561.4765625,128.0,1.0,0.0697007155987575,0.044475466670862086,300.23936391244706,331.63456217898056,398279.0,0.0078125,521.0,154.171875,82.0,0.0,0.0078125,10021.0,2957.3828125,361.0,0.0078125,10021.0,2957.3828125,361.0,1.2727505014527565e-05,0.6926815518921526,0.10945245919574413,0.0050690979696810246,262.21113806101494,23.643403753871098,0.0017432398162782192,,8.161691948771477e-05,331.63456217898056,3.968295641243458e-05,43.59261599602178,1.4402693219017237,0.0,43.0
44,0.25074515771120787,31.88265609741211,0.0,0.5766876339912415,-0.0033603914946849856,0.9964402857280913,1.0000003576278687,0.00028041587211191654,0.9999999943233672,1.0,1.0,0.4622531235218048,0.6213552355766296,0.25074517726898193,1e-06,133.48013305664062,34.699602127075195,44.365234375,0.0,0.0,0.0,0.012717086356133223,0.0,0.0,0.0,0.0,0.0,0.0,0.0,0.0,0.0,0.0,0.0,0.0,386521.0,386521.0,386521.0,386521.0,386521.0,0.0,2.0,2.0,2.0,16384.0,2869.7265625,149.96875,6007.0,1580.4140625,128.0,1.0,0.0715562932214192,0.0436603255488363,279.4917032686636,345.73566538793966,386521.0,0.0078125,494.0,149.96875,82.0,0.0,0.015625,16384.0,2869.7265625,315.0,0.015625,16384.0,2869.7265625,315.0,1.5664577118002426e-05,0.7546917997761564,0.1096558363038054,0.006054688012227416,277.21716535277665,23.54278539097868,0.0019154129549860954,,7.771304808557034e-05,345.73566538793966,3.91518697142601e-05,42.38428350398317,1.4710375389549881,0.0,44.0
45,0.2552839173004031,20.151615142822266,0.0,0.5859209143597147,-0.003407200403592509,0.9961751958598262,1.0000004768371582,0.0011121290735900402,1.0,1.0,1.0,0.4741920530796051,0.6251187324523926,0.255283921957016,1e-06,128.2280731201172,34.699602127075195,44.365234375,0.0,0.0,0.0,0.016549007420468588,0.0,0.0,0.0,0.0,0.0,0.0,0.0,0.0,0.0,0.0,0.0,0.0,420593.0,420593.0,420593.0,420593.0,420593.0,0.0,2.0,2.0,2.0,16384.0,3125.0546875,160.828125,3865.0,1642.15625,128.0,1.0,0.06955919133890978,0.04305433317136673,294.62706279550054,356.8859187690541,420593.0,0.0078125,436.0,160.828125,84.0,0.0,0.0078125,16384.0,3125.0546875,243.0,0.0078125,16384.0,3125.0546875,243.0,2.4149160613720727e-05,0.704183471806538,0.11165373228541087,0.010156967910006642,281.67831800691783,25.60395084414631,0.0044003811199218035,,9.593111462891102e-05,356.8859187690541,3.9797043427824974e-05,46.96077822311781,1.4640258378349245,0.0,45.0
46,0.24814186803996563,26.16408920288086,0.0,0.5788270376977467,-0.0033178210058914764,0.9964463057972136,1.0000004768371582,0.00043886509956791997,1.0,1.0,1.0,0.44841501116752625,0.5647016167640686,0.24814186990261078,1e-06,147.03344345092773,34.699602127075195,44.365234375,0.0,0.0,0.0,0.015475681894237087,0.0,0.0,0.0,0.0,0.0,0.0,0.0,0.0,0.0,0.0,0.0,0.0,382255.0,382255.0,382255.0,382255.0,382255.0,0.0,2.0,2.0,2.0,16384.0,2831.5390625,154.828125,5330.0,1587.8046875,128.0,1.0,0.06975177608721589,0.04317998340450588,280.99580306021517,340.08959905896336,382255.0,0.0078125,469.0,154.828125,81.0,0.0,0.0078125,16384.0,2831.5390625,156.0,0.0078125,16384.0,2831.5390625,156.0,1.5065769848927271e-05,0.7485385311678844,0.11125549942609661,0.005758965853601694,271.2980596208945,23.55131754721515,0.002068249974399805,,8.751079440116882e-05,340.08959905896336,3.891997039318085e-05,42.52797093312256,1.4805794791318476,0.0,46.0
47,0.26543076941743493,22.16220474243164,0.0,0.5854670430223147,-0.0035284018764893212,0.9962141836682955,1.0000004768371582,0.0005827366840094328,0.9999999975164732,1.0,1.0,0.49304741621017456,0.5873855352401733,0.2654307782649994,1e-06,146.4429168701172,34.699602127075195,44.365234375,0.0,0.0,0.0,0.015004316886916058,0.0,0.0,0.0,0.0,0.0,0.0,0.0,0.0,0.0,0.0,0.0,0.0,437577.0,437577.0,437577.0,437577.0,437577.0,0.0,2.0,2.0,2.0,16384.0,3265.15625,153.4140625,4708.0,1685.9453125,128.0,1.0,0.07195417163920036,0.04363469159476068,303.30374529772166,360.67556598293595,437577.0,0.0078125,435.0,153.4140625,79.0,0.0,0.0078125,16384.0,3265.15625,241.0,0.0078125,16384.0,3265.15625,241.0,1.4349901946694584e-05,0.6815542847320282,0.10710898371954682,0.006279187044128776,284.84879776090384,26.349898650078103,0.0012291599996387959,,7.822108455002308e-05,360.67556598293595,5.067698657512665e-05,46.86842776904814,1.5112538649700582,0.0,47.0
48,0.2519945320673287,38.36530303955078,0.0,0.5831333971940554,-0.0033521364810160147,0.9964764347443213,1.0000004768371582,0.0016046268865466118,1.0,1.0,1.0,0.4635292589664459,0.5325698852539062,0.2519945502281189,1e-06,147.88836669921875,34.699602127075195,44.365234375,0.0,0.0,0.0,0.015555334414015166,0.0,0.0,0.0,0.0,0.0,0.0,0.0,0.0,0.0,0.0,0.0,0.0,473600.0,473600.0,473600.0,473600.0,473600.0,0.0,2.0,2.0,2.0,16384.0,3546.546875,153.453125,5233.0,1634.1640625,128.0,1.0,0.07429006813693177,0.045016515254577526,283.07005556174255,418.2710169220809,473600.0,0.0078125,459.0,153.453125,80.0,0.0,0.015625,16384.0,3546.546875,338.0,0.015625,16384.0,3546.546875,338.0,1.176377122032431e-05,0.7431444604062883,0.10605336551265823,0.005571322049945593,337.35637295711786,28.075478038052097,0.0012269529979676008,,7.449393160641193e-05,418.2710169220809,4.1482970118522644e-05,50.226873906794935,1.47423196118325,0.0,48.0
49,0.26727888407185674,29.159454345703125,0.0,0.5750905498862267,-0.003548161310997481,0.9958759297927221,1.0000003576278687,0.0005095519009046257,1.0,1.0,1.0,0.49355196952819824,0.543429434299469,0.26727890968322754,1e-06,150.53760147094727,34.699602127075195,44.365234375,0.0,0.0,0.0,0.017280825884275448,0.0,0.0,0.0,0.0,0.0,0.0,0.0,0.0,0.0,0.0,0.0,0.0,444377.0,444377.0,444377.0,444377.0,444377.0,0.0,2.0,2.0,2.0,16384.0,3312.4296875,159.265625,16676.0,1816.6640625,128.0,1.0,0.07278743730079375,0.04584430567503522,280.46782229179286,396.1033714748919,444377.0,0.0078125,500.0,159.265625,82.0,0.0,0.0234375,16384.0,3312.4296875,366.0,0.0234375,16384.0,3312.4296875,366.0,2.6565965595173457e-05,0.7515855470468537,0.10901034528353638,0.011805304093286395,318.6655076779425,26.176727187121287,0.0033523740712553263,,8.62309243530035e-05,396.1033714748919,3.63390427082777e-05,48.44169020606205,1.475205107824877,0.0,49.0
50,0.2424273705109954,20.99738311767578,0.0,0.582736108984266,-0.0032085335114970803,0.9967756157829648,1.0000003576278687,0.0010094383032992482,1.0,1.0,1.0,0.44536614418029785,0.4907442033290863,0.24242737889289856,1e-06,148.56827926635742,34.699602127075195,44.365234375,0.0,0.0,0.0,0.011230921245268768,0.0,0.0,0.0,0.0,0.0,0.0,0.0,0.0,0.0,0.0,0.0,0.0,388398.0,388398.0,388398.0,388398.0,388398.0,0.0,2.0,2.0,2.0,16384.0,2875.6796875,158.6796875,7869.0,1639.828125,128.0,1.0,0.06998774792249844,0.0431261544611595,284.4354368088397,341.37624020897783,388398.0,0.0078125,402.0,158.6796875,79.0,0.0,0.0078125,16384.0,2875.6796875,409.0,0.0078125,16384.0,2875.6796875,409.0,2.878758079174528e-05,0.7401591656432887,0.10982298713177692,0.011181038804352283,272.4429668041412,23.481187789002433,0.001926515018567443,,9.426195174455643e-05,341.37624020897783,4.017096944153309e-05,42.65502855600789,1.7096513910219073,0.0,50.0
51,0.251235393807292,29.723085403442383,0.0,0.5693001385246005,-0.0033293272967317273,0.9962465060608727,1.0000004768371582,0.0008463590638712049,0.9999999914850507,1.0,1.0,0.466662734746933,0.5289614200592041,0.25123539566993713,1e-06,142.5766944885254,34.699602127075195,44.365234375,0.0,0.0,0.0,0.015086125093928007,0.0,0.0,0.0,0.0,0.0,0.0,0.0,0.0,0.0,0.0,0.0,0.0,515627.0,515627.0,515627.0,515627.0,515627.0,0.0,2.0,2.0,2.0,16384.0,3876.59375,151.7421875,7258.0,1585.6953125,128.0,1.0,0.07653249900275433,0.046861135877032216,325.4478739919005,396.09031215612777,515627.0,0.0078125,308.0,151.7421875,83.0,0.0,0.0546875,16384.0,3876.59375,285.0,0.0546875,16384.0,3876.59375,285.0,1.023902136605625e-05,0.6225151363473969,0.10545720431638156,0.005279515869915485,308.89450071612373,30.298408568138257,0.0009588859975337982,,9.16880089789629e-05,396.09031215612777,4.633096978068352e-05,54.37658189004287,1.4338815009687096,0.0,51.0
52,0.2566159530542791,20.49297523498535,0.0,0.5743888864914576,-0.0034760252262155213,0.996210366487503,1.0000004768371582,0.0018700170330703259,1.0,1.0,1.0,0.461131751537323,0.5243447422981262,0.25661593675613403,1e-06,136.3125343322754,34.699602127075195,44.365234375,0.0,0.0,0.0,0.015327551557372013,0.0,0.0,0.0,0.0,0.0,0.0,0.0,0.0,0.0,0.0,0.0,0.0,442887.0,442887.0,442887.0,442887.0,442887.0,0.0,2.0,2.0,2.0,16384.0,3296.4765625,163.578125,16602.0,1684.390625,128.0,1.0,0.07121885727605826,0.04519657184689264,291.1095680375389,380.3439053769689,442887.0,0.0078125,553.0,163.578125,85.0,0.0,0.015625,16384.0,3296.4765625,187.0,0.015625,16384.0,3296.4765625,187.0,2.4068703437263754e-05,0.7165920121791134,0.11064442412430033,0.010659715859219432,302.3652829469647,26.272204469889402,0.0038330780807882547,,0.00010336213745176792,380.3439053769689,3.7834979593753815e-05,49.002977067139,1.4515647101216018,0.0,52.0
53,0.25413708947598934,31.18314552307129,0.0,0.5773409456014633,-0.00341814081184566,0.9962759415308634,1.0000004768371582,0.0017201201990246773,0.9999999975164732,1.0,1.0,0.44161468744277954,0.524031400680542,0.2541370987892151,1e-06,139.1386833190918,34.699602127075195,44.365234375,0.0,0.0,0.0,0.016384854505304247,0.0,0.0,0.0,0.0,0.0,0.0,0.0,0.0,0.0,0.0,0.0,0.0,439057.0,439057.0,439057.0,439057.0,439057.0,0.0,2.0,2.0,2.0,16384.0,3275.140625,154.9921875,9142.0,1650.375,128.0,1.0,0.07302938102890458,0.04393695451310777,287.54493494573114,381.72903313604183,439057.0,0.0078125,408.0,154.9921875,84.0,0.0,0.0234375,16384.0,3275.140625,317.0,0.0234375,16384.0,3275.140625,317.0,1.871309408020451e-05,0.7272504800174707,0.10788895508807927,0.00821611494757235,304.87649173196405,26.868319239933044,0.0034506728406995535,,7.795006968080997e-05,381.72903313604183,3.888504579663277e-05,47.36940095410682,1.4067783358041197,0.0,53.0
54,0.24845325434580445,20.332477569580078,0.0,0.5738710463047028,-0.003314124151634482,0.9965998186514928,1.0000003576278687,0.001780996099114418,1.0,1.0,1.0,0.45473048090934753,0.4672718644142151,0.2484532594680786,1e-06,137.3025360107422,34.699602127075195,44.365234375,0.0,0.0,0.0,0.016639535445182655,0.0,0.0,0.0,0.0,0.0,0.0,0.0,0.0,0.0,0.0,0.0,0.0,476691.0,476691.0,476691.0,476691.0,476691.0,0.0,2.0,2.0,2.0,16384.0,3570.5,153.6484375,4439.0,1676.453125,128.0,1.0,0.0746252577682846,0.044855126374322846,281.4612381761862,423.4073251869995,476691.0,0.0078125,324.0,153.6484375,79.0,0.0,0.03125,16384.0,3570.5,310.0,0.03125,16384.0,3570.5,310.0,2.331772782232127e-05,0.7461306464976522,0.10677102180630643,0.011115350993350148,340.99961258494295,28.88515844102949,0.0020272121764719486,,9.32491384446621e-05,423.4073251869995,3.524310886859894e-05,50.89678515587002,1.4190469770692289,0.0,54.0
55,0.240401322953403,27.751909255981445,0.0,0.5851981043815613,-0.003170824698394253,0.9970248398326692,1.0000004768371582,0.0013013968709856272,0.9999999971616835,1.0,1.0,0.4372909963130951,0.4858173131942749,0.24040132761001587,1e-06,127.10888671875,34.699602127075195,44.365234375,0.0,0.0,0.0,0.010586470398785812,0.0,0.0,0.0,0.0,0.0,0.0,0.0,0.0,0.0,0.0,0.0,0.0,395563.0,395563.0,395563.0,395563.0,395563.0,0.0,2.0,2.0,2.0,16384.0,2940.9296875,149.40625,6381.0,1577.84375,128.0,1.0,0.07012275474145188,0.0454842179331213,296.4375029128143,333.59729800815694,395563.0,0.0078125,335.0,149.40625,83.0,0.0,0.0078125,16384.0,2940.9296875,299.0,0.0078125,16384.0,2940.9296875,299.0,1.3832102526782732e-05,0.7017462288685549,0.11072684085760878,0.005471467971801758,264.1646486490499,23.031555068911985,0.001532555092126131,,7.702992297708988e-05,333.59729800815694,3.847596235573292e-05,43.799441350158304,1.386937438044697,0.0,55.0
56,0.25893392553552985,26.487520217895508,0.0,0.5850910381837324,-0.003421715577133,0.9965880486098203,1.0000003576278687,0.0006292369798757136,1.0,1.0,1.0,0.47694242000579834,0.5317806005477905,0.2589339017868042,1e-06,149.2940902709961,34.699602127075195,44.365234375,0.0,0.0,0.0,0.012137954924996435,0.0,0.0,0.0,0.0,0.0,0.0,0.0,0.0,0.0,0.0,0.0,0.0,408867.0,408867.0,408867.0,408867.0,408867.0,0.0,2.0,2.0,2.0,16384.0,3036.671875,157.6015625,3995.0,1582.953125,128.0,1.0,0.07145650721418975,0.044736550027386995,285.6794705637609,357.80222428403795,408867.0,0.0078125,449.0,157.6015625,81.0,0.0,0.0078125,16384.0,3036.671875,97.0,0.0078125,16384.0,3036.671875,97.0,1.2667200064092443e-05,0.7371243942920225,0.1085730674625016,0.005179200088605285,286.5158293149434,24.27754919207655,0.0025075720623135567,,7.262895815074444e-05,357.80222428403795,4.4069020077586174e-05,44.39194437419064,1.3770576098468155,0.0,56.0
57,0.25366826355457306,20.484643936157227,0.0,0.583996568037116,-0.003406655053486643,0.9965583656145178,1.0000004768371582,0.0004718791169580072,0.9999999974084937,1.0,1.0,0.4507780373096466,0.5066704750061035,0.25366824865341187,1e-06,145.20487213134766,34.699602127075195,44.365234375,0.0,0.0,0.0,0.01678521071975727,0.0,0.0,0.0,0.0,0.0,0.0,0.0,0.0,0.0,0.0,0.0,0.0,425979.0,425979.0,425979.0,425979.0,425979.0,0.0,2.0,2.0,2.0,10151.0,3172.1484375,155.8125,6083.0,1614.3046875,128.0,1.0,0.06939223636509827,0.04356802032722127,296.70726045241696,358.92195505299605,425979.0,0.0078125,408.0,155.8125,82.0,0.0,0.0078125,10151.0,3172.1484375,195.0,0.0078125,10151.0,3172.1484375,195.0,1.2818906570173855e-05,0.6992272896081138,0.11069447330271127,0.005460585001856089,283.9107525360305,25.65886524016969,0.0012373540084809065,,8.775107562541962e-05,358.92195505299605,3.860192373394966e-05,47.153521043015644,1.42257697484456,0.0,57.0
58,0.24332452937960625,36.6989860534668,0.0,0.5817051076889038,-0.0032518600299954415,0.996818699836731,1.0000003576278687,0.0008007741998881102,0.9999999952316284,1.0,1.0,0.43692144751548767,0.4809911251068115,0.24332451820373535,1e-06,149.3514518737793,34.699602127075195,44.365234375,0.0,0.0,0.0,0.01364810866303742,0.0,0.0,0.0,0.0,0.0,0.0,0.0,0.0,0.0,0.0,0.0,0.0,450189.0,450189.0,450189.0,450189.0,450189.0,0.0,2.0,2.0,2.0,16384.0,3343.8671875,173.234375,4780.0,1670.828125,128.0,1.0,0.07261084271624592,0.04481685100830435,289.1667689391889,389.21225427417085,450189.0,0.0078125,1356.0,173.234375,88.0,0.0,0.0078125,16384.0,3343.8671875,327.0,0.0078125,16384.0,3343.8671875,327.0,1.1138115413470324e-05,0.7287061170029061,0.10671118599507563,0.005014257039874792,311.89714866899885,26.59058289299719,0.0009206719696521759,,8.907006122171879e-05,389.21225427417085,4.2301835492253304e-05,48.040202111937106,1.3907753070816398,0.0,58.0
59,0.23945139069110155,20.55129051208496,0.0,0.5745486124702122,-0.003203722987445476,0.9967662070108496,1.0000004768371582,0.002643478335812688,1.0,1.0,1.0,0.43394801020622253,0.4915424585342407,0.23945139348506927,1e-06,146.27385330200195,34.699602127075195,44.365234375,0.0,0.0,0.0,0.01214637585065287,0.0,0.0,0.0,0.0,0.0,0.0,0.0,0.0,0.0,0.0,0.0,0.0,415384.0,415384.0,415384.0,415384.0,415384.0,0.0,2.0,2.0,2.0,16384.0,3089.0546875,156.1328125,7208.0,1651.5625,128.0,1.0,0.0744777206564863,0.04472363134562326,286.23898609479727,362.79474510718137,415384.0,0.0078125,369.0,156.1328125,78.0,0.0,0.0234375,16384.0,3089.0546875,232.0,0.0234375,16384.0,3089.0546875,232.0,1.6002133265703035e-05,0.7361773886808823,0.10632653508128076,0.006647030124440789,291.0838033070322,24.875289350980893,0.0012591751292347908,,9.751785546541214e-05,362.79474510718137,4.197307862341404e-05,44.16634144820273,1.3880949169397354,0.0,59.0
60,0.22890327963978052,26.882898330688477,0.0,0.5773821421291517,-0.0031188267242649326,0.9971447897994,1.0000004768371582,0.0006765092257410288,0.9999999974084937,1.0,1.0,0.4040502905845642,0.44787904620170593,0.22890329360961914,1e-06,144.24861526489258,34.699602127075195,44.365234375,0.0,0.0,0.0,0.011877507497758968,0.0,0.0,0.0,0.0,0.0,0.0,0.0,0.0,0.0,0.0,0.0,0.0,414938.0,414938.0,414938.0,414938.0,414938.0,0.0,2.0,2.0,2.0,16384.0,3078.796875,162.90625,6218.0,1654.8671875,128.0,1.0,0.0716654948805018,0.04326942200173071,261.85600298252234,396.15093340794556,414938.0,0.0078125,468.0,162.90625,82.0,0.0,0.0078125,16384.0,3078.796875,385.0,0.0078125,16384.0,3078.796875,385.0,1.2223354042655463e-05,0.712462939023597,0.11080249574378938,0.005071934079751372,280.77166978805326,25.548746048938483,0.0009145559743046761,40.89322880608961,8.437014184892178e-05,396.15093340794556,3.9624981582164764e-05,45.97616597893648,1.729087176034227,0.0,60.0
61,0.2491655107587576,21.33907699584961,0.0,0.5847224140167236,-0.00332568034529686,0.996687581539154,1.0000004768371582,0.000825847324449569,0.9999999976158143,1.0,1.0,0.45718294382095337,0.44354546070098877,0.24916550517082214,1e-06,143.44606018066406,34.699602127075195,44.365234375,0.0,0.0,0.0,0.014808047406841069,0.0,0.0,0.0,0.0,0.0,0.0,0.0,0.0,0.0,0.0,0.0,0.0,462987.0,462987.0,462987.0,462987.0,462987.0,0.0,2.0,2.0,2.0,16384.0,3463.796875,153.2890625,4753.0,1743.5078125,128.0,1.0,0.07176048889213159,0.04425777276315072,286.0832327792519,404.59117046301253,462987.0,0.0078125,422.0,153.2890625,79.0,0.0,0.0078125,16384.0,3463.796875,380.0,0.0078125,16384.0,3463.796875,380.0,1.137163064130903e-05,0.7301969523147877,0.10865748077784036,0.005264917155727744,323.74450195999816,27.62613829993643,0.0009175909217447042,,6.614602170884609e-05,404.59117046301253,5.2622053772211075e-05,50.30700105288997,1.6760123239364475,0.0,61.0
62,0.24036801047623158,24.207782745361328,0.0,0.5837914496660233,-0.0032002794614527375,0.9968654538194338,1.0000003576278687,0.001113238511607051,1.0,1.0,1.0,0.43468451499938965,0.4337823688983917,0.24036800861358643,1e-06,138.39221572875977,34.699602127075195,44.365234375,0.0,0.0,0.0,0.015868965650345974,0.0,0.0,0.0,0.0,0.0,0.0,0.0,0.0,0.0,0.0,0.0,0.0,439706.0,439706.0,439706.0,439706.0,439706.0,0.0,2.0,2.0,2.0,16384.0,3282.4453125,152.7578125,5148.0,1660.8515625,128.0,1.0,0.07085736852568025,0.04314809031650132,298.1661081394275,368.6753691958729,439706.0,0.0078125,357.0,152.7578125,84.0,0.0,0.0078125,16384.0,3282.4453125,315.0,0.0078125,16384.0,3282.4453125,315.0,1.1593309838929889e-05,0.693165613021972,0.10914901548735224,0.005097647896036506,291.2356118080206,26.76285628695041,0.0009206440299749374,,6.567896343767643e-05,368.6753691958729,3.732508048415184e-05,47.99347700388171,1.4502561688423157,0.0,62.0
63,0.2489050575532019,25.359987258911133,0.0,0.5791074275970459,-0.003348330445587635,0.9965195202827454,1.0000004768371582,0.00022793606331106275,1.0,1.0,1.0,0.4618184268474579,0.46133852005004883,0.24890506267547607,1e-06,139.766357421875,34.699602127075195,44.365234375,0.0,0.0,0.0,0.013610947076231242,0.0,0.0,0.0,0.0,0.0,0.0,0.0,0.0,0.0,0.0,0.0,0.0,462970.0,462970.0,462970.0,462970.0,462970.0,0.0,2.0,2.0,2.0,16384.0,3458.25,158.703125,7689.0,1657.5703125,128.0,1.0,0.07223410204333268,0.04466079766029871,305.5984817209314,378.7404287750833,462970.0,0.0078125,462.0,158.703125,81.0,0.0,0.015625,16384.0,3458.25,390.0,0.015625,16384.0,3458.25,390.0,1.1037959336151759e-05,0.6745863898739753,0.10783988063176166,0.00511024403385818,298.60971299605444,27.5225763770286,0.0009100479073822498,,6.913789547979832e-05,378.7404287750833,3.598583862185478e-05,49.92662953608669,1.4533005710691214,0.0,63.0
64,0.22044259030371904,26.504863739013672,0.0,0.573316770295302,-0.0029686844015183547,0.9971207057436308,1.0000003576278687,0.0018777863588184118,0.9999999975164732,1.0,1.0,0.40204015374183655,0.4046521782875061,0.22044259309768677,1e-06,144.76665115356445,34.699602127075195,44.365234375,0.0,0.0,0.0,0.01161564470991531,0.0,0.0,0.0,0.0,0.0,0.0,0.0,0.0,0.0,0.0,0.0,0.0,451954.0,451954.0,451954.0,451954.0,451954.0,0.0,2.0,2.0,2.0,16384.0,3378.9453125,151.9453125,4701.0,1669.84375,128.0,1.0,0.06916021746642628,0.044439928523866044,303.10949100864934,372.7646390220616,451954.0,0.0078125,379.0,151.9453125,79.0,0.0,0.0078125,16384.0,3378.9453125,327.0,0.0078125,16384.0,3378.9453125,327.0,1.1261624143020093e-05,0.6762160338096669,0.11223354664231862,0.0050897360779345036,292.46681570285,26.96712368982844,0.0009300520177930593,,6.784196011722088e-05,372.7646390220616,4.4896965846419334e-05,50.724400339182466,1.4447903509717435,0.0,64.0
65,0.2628752049058676,20.1104793548584,0.0,0.58597032725811,-0.003491707311089461,0.9962022602558136,1.0000003576278687,0.002951174508780241,1.0,1.0,1.0,0.49100080132484436,0.4486925005912781,0.26287519931793213,1e-06,132.11931991577148,34.699602127075195,44.365234375,0.0,0.0,0.0,0.017870695410238113,0.0,0.0,0.0,0.0,0.0,0.0,0.0,0.0,0.0,0.0,0.0,0.0,442188.0,442188.0,442188.0,442188.0,442188.0,0.0,2.0,2.0,2.0,16384.0,3299.4296875,155.1640625,5415.0,1708.171875,128.0,1.0,0.07072777017807698,0.043007394562773145,289.08088607699074,382.4085414300207,442188.0,0.0078125,314.0,155.1640625,85.0,0.0,0.0078125,16384.0,3299.4296875,361.0,0.0078125,16384.0,3299.4296875,361.0,1.12556446718491e-05,0.7216884924241055,0.10898358839483123,0.00497711100615561,304.7885359399952,26.89844474499114,0.0009248340502381325,,7.556495256721973e-05,382.4085414300207,4.837010055780411e-05,48.19123498513363,1.3815365489572287,0.0,65.0
66,0.25184490345418453,25.521255493164062,0.0,0.5898632307847341,-0.003331866658603152,0.9968118394414583,1.0000004768371582,0.0010692118667066097,1.0,1.0,1.0,0.4801231622695923,0.43097999691963196,0.2518449127674103,1e-06,144.98269271850586,34.699602127075195,44.365234375,0.0,0.0,0.0,0.01193729866160235,0.0,0.0,0.0,0.0,0.0,0.0,0.0,0.0,0.0,0.0,0.0,0.0,442607.0,442607.0,442607.0,442607.0,442607.0,0.0,2.0,2.0,2.0,8479.0,3312.328125,145.5390625,4718.0,1476.0078125,128.0,1.0,0.06946902759901853,0.04374468543029065,298.06497045036264,371.23366034193896,442607.0,0.0078125,380.0,145.5390625,79.0,0.0,0.0078125,8479.0,3312.328125,334.0,0.0078125,8479.0,3312.328125,334.0,9.03351513607213e-06,0.6941666206521457,0.10930421963996663,0.003998297033831477,294.3113754908554,26.474361376138404,0.004704050021246076,,8.56020487844944e-05,371.23366034193896,4.3109990656375885e-05,48.37881274218671,1.4174715979024768,0.0,66.0
67,0.24292815988883376,26.425743103027344,0.0,0.5776031279563903,-0.0032331642042845487,0.9965776324272155,1.0000004768371582,0.0006762642879039049,1.0,1.0,1.0,0.4568905234336853,0.3983854055404663,0.2429281622171402,1e-06,145.78158569335938,34.699602127075195,44.365234375,0.0,0.0,0.0,0.01450098117114976,0.0,0.0,0.0,0.0,0.0,0.0,0.0,0.0,0.0,0.0,0.0,0.0,452149.0,452149.0,452149.0,452149.0,452149.0,0.0,2.0,2.0,2.0,16384.0,3375.1328125,157.28125,5001.0,1561.671875,128.0,1.0,0.07553787387524889,0.04517440566906524,308.13763141775405,366.84013400087133,452149.0,0.0078125,423.0,157.28125,84.0,0.0,0.0234375,16384.0,3375.1328125,279.0,0.0234375,16384.0,3375.1328125,279.0,2.4052739344470967e-05,0.6724157128513065,0.10415927745951521,0.010875422041863203,290.4950190188829,26.76051521510817,0.0021589589305222034,,8.45068134367466e-05,366.84013400087133,3.348011523485184e-05,47.09551314404234,1.3838270178530365,0.0,67.0
68,0.23366414662450552,29.344106674194336,0.0,0.5783884064717726,-0.003126371302641928,0.99687260389328,1.0000004768371582,0.0006458830903284252,0.999999997290698,1.0,1.0,0.4409574270248413,0.40413597226142883,0.2336641401052475,1e-06,153.38518905639648,34.699602127075195,44.365234375,0.0,0.0,0.0,0.008648369286013556,0.0,0.0,0.0,0.0,0.0,0.0,0.0,0.0,0.0,0.0,0.0,0.0,411201.0,411201.0,411201.0,411201.0,411201.0,0.0,2.0,2.0,2.0,16384.0,3056.9921875,155.515625,6403.0,1592.421875,128.0,1.0,0.07176507933939594,0.04392141665447551,284.7942146024788,360.9632665589452,411201.0,0.0078125,502.0,155.515625,82.0,0.0,0.015625,16384.0,3056.9921875,351.0,0.015625,16384.0,3056.9921875,351.0,1.5946007116504834e-05,0.7378232447741166,0.10880127867392182,0.006557014072313905,288.70654656388797,24.783226418076083,0.0018270581495016813,,6.58668577671051e-05,360.9632665589452,3.736000508069992e-05,44.73919459199533,1.622248413041234,0.0,68.0
69,0.25734738260507584,18.808818817138672,0.0,0.5783649921417237,-0.0034331423882395028,0.996141254901886,1.0000003576278687,0.0005390080041252077,0.9999999952316284,1.0,1.0,0.4888937771320343,0.4043593108654022,0.25734737515449524,1e-06,145.64313125610352,34.699602127075195,44.365234375,0.0,0.0,0.0,0.01695691275643185,0.0,0.0,0.0,0.0,0.0,0.0,0.0,0.0,0.0,0.0,0.0,0.0,458859.0,458859.0,458859.0,458859.0,458859.0,0.0,2.0,2.0,2.0,16384.0,3426.1640625,158.671875,9233.0,1602.4140625,128.0,1.0,0.07237228691104444,0.04452622647549859,295.43858885548605,388.2862778501585,458859.0,0.0078125,514.0,158.671875,80.0,0.0,0.015625,16384.0,3426.1640625,169.0,0.015625,16384.0,3426.1640625,169.0,1.4656493638952736e-05,0.7011735721046911,0.10971230313690442,0.006725264014676213,307.49896887294017,27.867269122973084,0.0009617921896278858,,7.282407023012638e-05,388.2862778501585,3.966689109802246e-05,50.342477705096826,1.4500674849841744,0.0,69.0
70,0.23506789654493332,18.524560928344727,0.0,0.5826177786697041,-0.0031287254638631234,0.996930247003382,1.0000003576278687,1.4979206753196195e-05,1.0,1.0,1.0,0.44868600368499756,0.38398560881614685,0.23506790399551392,1e-06,129.4678611755371,34.699602127075195,44.365234375,0.0,0.0,0.0,0.010543032893276011,0.0,0.0,0.0,0.0,0.0,0.0,0.0,0.0,0.0,0.0,0.0,0.0,404190.0,404190.0,404190.0,404190.0,404190.0,0.0,2.0,2.0,2.0,9647.0,3001.7734375,155.9609375,5417.0,1591.796875,128.0,1.0,0.07014257905453128,0.04363117045023989,300.5613728421482,336.1958958480973,404190.0,0.0078125,473.0,155.9609375,87.0,0.0,0.0078125,9647.0,3001.7734375,229.0,0.0078125,9647.0,3001.7734375,229.0,9.576934575370946e-06,0.6933587643741426,0.10797070728634696,0.003870901186019182,266.4071579591837,24.056207946967334,0.0037787421606481075,,9.97660681605339e-05,336.1958958480973,3.989110700786114e-05,43.64068017806858,1.4524503338616341,0.0,70.0
71,0.23574630357325077,27.31813621520996,0.0,0.5868035690350966,-0.003143276627683504,0.9969995048913088,1.0000003576278687,0.0020677433349192142,0.999999997290698,1.0,1.0,0.4479246139526367,0.408850759267807,0.23574630916118622,1e-06,133.8775863647461,34.699602127075195,44.365234375,0.0,0.0,0.0,0.012897088480795819,0.0,0.0,0.0,0.0,0.0,0.0,0.0,0.0,0.0,0.0,0.0,0.0,402588.0,402588.0,402588.0,402588.0,402588.0,0.0,2.0,2.0,2.0,7966.0,2988.90625,156.3125,5887.0,1580.4921875,128.0,1.0,0.06969675050191892,0.04459092817439956,304.5885759972506,330.4358992141206,402588.0,0.015625,414.0,156.3125,91.0,0.0,0.0078125,7966.0,2988.90625,292.0,0.0078125,7966.0,2988.90625,292.0,1.0176207077787527e-05,0.6839904732946878,0.10805231338714033,0.004096818855032325,261.68107527308166,23.21252017095685,0.0005649509839713573,,9.074294939637184e-05,330.4358992141206,3.909599035978317e-05,43.50056474190205,1.4881128219421953,0.0,71.0
72,0.23681551776826382,24.332956314086914,0.0,0.5791549468040467,-0.0031682358309626578,0.996701762676239,1.0000004768371582,0.0009728606673888862,0.9999999976158143,1.0,1.0,0.4523572325706482,0.38616618514060974,0.23681551218032837,1e-06,132.36148071289062,34.699602127075195,44.365234375,0.0,0.0,0.0,0.01347396464087069,0.0,0.0,0.0,0.0,0.0,0.0,0.0,0.0,0.0,0.0,0.0,0.0,457235.0,457235.0,457235.0,457235.0,457235.0,0.0,2.0,2.0,2.0,16384.0,3412.8125,159.3359375,5880.0,1769.453125,128.0,1.0,0.07237525643741483,0.04467987450605563,298.6571437706291,382.7423933572136,457235.0,0.0078125,409.0,159.3359375,90.0,0.0,0.0078125,16384.0,3412.8125,393.0,0.0078125,16384.0,3412.8125,393.0,1.1549450943742112e-05,0.6952500795939683,0.10782413496526425,0.005280813202261925,303.71304476982914,27.09616408799775,0.00356063200160861,,6.567779928445816e-05,382.7423933572136,3.5736942663788795e-05,49.300968350842595,1.3774593970738351,0.0,72.0
73,0.23804511036723852,19.537498474121094,0.0,0.576146403948466,-0.0031587834916232773,0.996786912282308,1.0000003576278687,0.0006945504574105144,0.9999999975164732,1.0,1.0,0.4579229950904846,0.36951833963394165,0.2380451112985611,1e-06,138.7237434387207,34.699602127075195,44.365234375,0.0,0.0,0.0,0.01165176907913216,0.0,0.0,0.0,0.0,0.0,0.0,0.0,0.0,0.0,0.0,0.0,0.0,444676.0,444676.0,444676.0,444676.0,444676.0,0.0,2.0,2.0,2.0,16384.0,3320.9375,153.09375,3530.0,1596.2890625,128.0,1.0,0.07094340811232801,0.04489569675191171,304.060486092801,365.61475457903,444676.0,0.0078125,401.0,153.09375,78.0,0.0,0.015625,16384.0,3320.9375,257.0,0.015625,16384.0,3320.9375,257.0,1.2604726055240962e-05,0.6771213205491934,0.10976949656596886,0.00560501916334033,287.83073093905114,26.30824957601726,0.0009029919747263193,,7.905112579464912e-05,365.61475457903,4.123314283788204e-05,48.81186065496877,1.4757818339858204,0.0,73.0
74,0.23420697264373302,22.20013999938965,0.0,0.5812252976677634,-0.0031303575908003204,0.9968887594613162,1.0000004768371582,0.0022902851924300194,1.0,1.0,1.0,0.4351218640804291,0.40101921558380127,0.23420697450637817,1e-06,129.56445693969727,34.699602127075195,44.365234375,0.0,0.0,0.0,0.014391321350227703,0.0,0.0,0.0,0.0,0.0,0.0,0.0,0.0,0.0,0.0,0.0,0.0,403862.0,403862.0,403862.0,403862.0,403862.0,0.0,2.0,2.0,2.0,16384.0,2995.515625,159.65625,3646.0,1555.40625,128.0,1.0,0.07011703112662572,0.04487844780819374,289.1019553755021,349.23838501493447,403862.0,0.0078125,505.0,159.65625,82.0,0.0,0.0078125,16384.0,2995.515625,298.0,0.0078125,16384.0,2995.515625,298.0,1.368217088272552e-05,0.7258724464277017,0.11038005966428152,0.005525708897039294,278.3183686439879,23.696000492898747,0.0017266857903450727,,8.384301327168941e-05,349.23838501493447,4.0224986150860786e-05,44.578311656136066,1.4395578920375556,0.0,74.0
75,0.2402101457118988,31.113954544067383,0.0,0.582351868802851,-0.003183674966831776,0.9966730069030415,1.0000004768371582,0.0031538221519440413,1.0,1.0,1.0,0.46362626552581787,0.3807678520679474,0.2402101457118988,1e-06,136.07564544677734,34.699602127075195,44.365234375,0.0,0.0,0.0,0.009957141401669518,0.0,0.0,0.0,0.0,0.0,0.0,0.0,0.0,0.0,0.0,0.0,0.0,416189.0,416189.0,416189.0,416189.0,416189.0,0.0,2.0,2.0,2.0,16384.0,3092.2734375,159.203125,5738.0,1600.7890625,128.0,1.0,0.06989571270980774,0.04392521694991675,283.59991677280124,366.8803968068678,416189.0,0.0078125,512.0,159.203125,85.0,0.0,0.015625,16384.0,3092.2734375,181.0,0.015625,16384.0,3092.2734375,181.0,1.4218499591711349e-05,0.7390105244700215,0.11082025927620073,0.005917583126574755,292.50849470100366,25.611986751900986,0.001176691148430109,,8.039083331823349e-05,366.8803968068678,3.796699456870556e-05,46.12217288790271,1.4832118870690465,0.0,75.0
76,0.2419898845255375,21.083818435668945,0.0,0.5804824129394863,-0.003245128490759627,0.996567119722781,1.0000003576278687,0.0017254044068977237,0.9999999974084937,1.0,1.0,0.45735329389572144,0.38069966435432434,0.2419898808002472,1e-06,147.97958755493164,34.699602127075195,44.365234375,0.0,0.0,0.0,0.013643656221258583,0.0,0.0,0.0,0.0,0.0,0.0,0.0,0.0,0.0,0.0,0.0,0.0,434168.0,434168.0,434168.0,434168.0,434168.0,0.0,2.0,2.0,2.0,16384.0,3232.6640625,159.2734375,9776.0,1712.1953125,128.0,1.0,0.07016340646538073,0.043680123618740054,282.307962890278,384.48083039792255,434168.0,0.0078125,400.0,159.2734375,90.0,0.0,0.0078125,16384.0,3232.6640625,233.0,0.0078125,16384.0,3232.6640625,233.0,1.697063815117808e-05,0.7438651235483077,0.11026755363826167,0.007368108024820685,307.7972546869423,26.184427394066006,0.001798535929992795,,7.56499357521534e-05,384.48083039792255,3.8244063034653664e-05,47.874643228016794,1.4216553489677608,0.0,76.0
77,0.22783095203340054,33.24409103393555,0.0,0.5818806404159182,-0.003053929301954451,0.9971633581888109,1.0000004768371582,0.0005731902201659977,1.0,1.0,1.0,0.4244052767753601,0.38259223103523254,0.2278309464454651,1e-06,141.82696151733398,34.699602127075195,44.365234375,0.0,0.0,0.0,0.0062617827539465255,0.0,0.0,0.0,0.0,0.0,0.0,0.0,0.0,0.0,0.0,0.0,0.0,378902.0,378902.0,378902.0,378902.0,378902.0,0.0,2.0,2.0,2.0,16384.0,2808.984375,151.1875,5283.0,1674.484375,128.0,1.0,0.06888231679125185,0.04258242532175949,269.74244289423143,351.1701717521064,378902.0,0.0078125,284.0,151.1875,86.0,0.0,0.0078125,16384.0,2808.984375,332.0,0.0078125,16384.0,2808.984375,332.0,1.3947168322067417e-05,0.7870310566123477,0.1114975525994605,0.005284609971567988,282.9770164049696,23.33441565418616,0.0015640698838979006,,7.712701335549355e-05,351.1701717521064,3.8969796150922775e-05,42.24664567504078,1.4563190741464496,0.0,77.0
78,0.22479900531470776,18.151073455810547,0.0,0.5786211436445062,-0.00300506681246175,0.997268860990351,1.0000003576278687,0.0009029773063957691,0.999999997290698,1.0,1.0,0.4229847192764282,0.37345361709594727,0.2247990071773529,1e-06,139.56091690063477,34.699602127075195,44.365234375,0.0,0.0,0.0,0.011664345853866755,0.0,0.0,0.0,0.0,0.0,0.0,0.0,0.0,0.0,0.0,0.0,0.0,408775.0,408775.0,408775.0,408775.0,408775.0,0.0,2.0,2.0,2.0,16384.0,3032.765625,160.7890625,5979.0,1705.9140625,128.0,1.0,0.06977604728104697,0.04347600784242159,286.02663601980254,357.28752895910293,408775.0,0.0078125,522.0,160.7890625,77.0,0.0,0.0078125,16384.0,3032.765625,273.0,0.0078125,16384.0,3032.765625,273.0,1.230955891241452e-05,0.7323921393610514,0.11123505225103789,0.005031839944422245,284.310234147124,24.923948942916468,0.0009176610037684441,,7.605785503983498e-05,357.28752895910293,3.7594931200146675e-05,45.47010848391801,1.4359389359597117,0.0,78.0
79,0.24036029493436217,28.445293426513672,0.0,0.578495336615521,-0.0032248954470876765,0.9968109130859375,1.0000003576278687,0.002587779425084591,1.0,1.0,1.0,0.455297589302063,0.3724404275417328,0.240360289812088,1e-06,139.12213897705078,34.699602127075195,44.365234375,0.0,0.0,0.0,0.010555586109504751,0.0,0.0,0.0,0.0,0.0,0.0,0.0,0.0,0.0,0.0,0.0,0.0,430086.0,430086.0,430086.0,430086.0,430086.0,0.0,2.0,2.0,2.0,16384.0,3205.09375,154.953125,5263.0,1596.7265625,128.0,1.0,0.0682630482062734,0.043238868590481504,295.96210495384565,363.2948211960029,430086.0,0.0078125,592.0,154.953125,88.0,0.0,0.0078125,16384.0,3205.09375,246.0,0.0078125,16384.0,3205.09375,246.0,1.147834187608763e-05,0.6927097739783185,0.1151679502795343,0.004936674144119024,284.1855701941531,26.427007826045156,0.0028423480689525604,,6.76899217069149e-05,363.2948211960029,3.4322962164878845e-05,49.53212306392379,1.9006538388784975,0.0,79.0
80,0.23837552033364773,30.200511932373047,0.0,0.5757064897081127,-0.0031876759806081004,0.9965164246766464,1.0000004768371582,0.0006637942278757691,0.9999999974084937,1.0,1.0,0.4558582305908203,0.36292600631713867,0.23837551474571228,1e-06,141.56572723388672,34.699602127075195,44.365234375,0.0,0.0,0.0,0.01023989727811726,0.0,0.0,0.0,0.0,0.0,0.0,0.0,0.0,0.0,0.0,0.0,0.0,428549.0,428549.0,428549.0,428549.0,428549.0,0.0,2.0,2.0,2.0,16384.0,3192.8828125,155.15625,4057.0,1582.7421875,128.0,1.0,0.06620166719249969,0.043351372383497656,263.1028304923133,407.20675562298857,428549.0,0.0078125,602.0,155.15625,83.0,0.0,0.0234375,16384.0,3192.8828125,371.0,0.0234375,16384.0,3192.8828125,371.0,1.1674734871593979e-05,0.6787932920975471,0.1201213383320324,0.005003195954486728,277.4153517540544,26.670570024987683,0.0014525228179991245,47.940452171023935,6.565009243786335e-05,407.20675562298857,3.6109937354922295e-05,51.47787942085415,2.477815680904314,0.0,80.0
81,0.22731652902439237,18.70912742614746,0.0,0.5736947552017544,-0.0030320610182926707,0.9969541560048643,1.0000003576278687,0.004481055773794651,0.9999999922254811,1.0,1.0,0.43632450699806213,0.35423585772514343,0.22731652855873108,1e-06,116.59835815429688,34.699602127075195,44.365234375,0.0,0.0,0.0,0.010832604137249291,0.0,0.0,0.0,0.0,0.0,0.0,0.0,0.0,0.0,0.0,0.0,0.0,428574.0,428574.0,428574.0,428574.0,428574.0,0.0,2.0,2.0,2.0,16384.0,3180.46875,167.765625,5502.0,1663.8125,128.0,1.0,0.07087524769921245,0.044082874855215705,302.99702949486976,353.6123775821179,428574.0,0.0078125,363.0,167.765625,78.0,0.0,0.0234375,16384.0,3180.46875,316.0,0.0234375,16384.0,3180.46875,316.0,1.1955177236991429e-05,0.6814624194993295,0.11156193072836293,0.005123678129166365,277.42335097817704,25.899340342963114,0.0012660471256822348,,7.66790471971035e-05,353.6123775821179,3.831298090517521e-05,47.812542899977416,1.3354661660268903,0.0,81.0
82,0.24047069065272808,17.516075134277344,0.0,0.5822930574417114,-0.003233183023985475,0.9967071175575256,1.0000004768371582,0.0012497920542955399,1.0,1.0,1.0,0.45379242300987244,0.3768399953842163,0.24047069251537323,1e-06,121.611083984375,34.699602127075195,44.365234375,0.0,0.0,0.0,0.010652388338348829,0.0,0.0,0.0,0.0,0.0,0.0,0.0,0.0,0.0,0.0,0.0,0.0,367033.0,367033.0,367033.0,367033.0,367033.0,0.0,2.0,2.0,2.0,9218.0,2705.421875,162.0234375,5585.0,1715.5703125,128.0,1.0,0.06891635870968901,0.0434262702040187,278.27803511686835,329.7358699599281,367033.0,0.0078125,724.0,162.0234375,85.0,0.0,0.0078125,9218.0,2705.421875,349.0,0.0078125,9218.0,2705.421875,349.0,1.0680442951884107e-05,0.765472406498655,0.11003041043416092,0.0039200750179588795,265.0785015360452,22.109341009985656,0.000858579995110631,,8.28760676085949e-05,329.7358699599281,3.524916246533394e-05,40.38479163288139,1.4479854041710496,0.0,82.0
83,0.24541755579411983,20.84308433532715,0.0,0.5805806734345176,-0.0032474105458029294,0.9965080727230419,1.0000004768371582,0.00024374488566536456,0.9999999945813959,1.0,1.0,0.47958919405937195,0.37374550104141235,0.2454175502061844,1e-06,137.00972366333008,34.699602127075195,44.365234375,0.0,0.0,0.0,0.014385597960261459,0.0,0.0,0.0,0.0,0.0,0.0,0.0,0.0,0.0,0.0,0.0,0.0,415664.0,415664.0,415664.0,415664.0,415664.0,0.0,2.0,2.0,2.0,9700.0,3090.0078125,157.3671875,6157.0,1675.71875,128.0,1.0,0.06819191301440096,0.04324409531704249,299.1510073060888,347.36971449898556,415664.0,0.0078125,443.0,157.3671875,80.0,0.0,0.0078125,9700.0,3090.0078125,354.0,0.0078125,9700.0,3090.0078125,354.0,1.3157401590322809e-05,0.6916644499988972,0.11210448313338477,0.00546905817463994,273.56781492801383,24.86366370297037,0.0009446279145777225,,8.127815090119839e-05,347.36971449898556,3.820308484137058e-05,46.597797877155244,1.6256314190104604,0.0,83.0
84,0.22992909885942936,30.081491470336914,0.0,0.568464104945843,-0.0031186471863363227,0.9966266109393194,1.0000004768371582,0.0016627318691462278,1.0,1.0,1.0,0.4339980185031891,0.34897541999816895,0.2299291044473648,1e-06,127.5234603881836,34.699602127075195,44.365234375,0.0,0.0,0.0,0.01268404742810302,0.0,0.0,0.0,0.0,0.0,0.0,0.0,0.0,0.0,0.0,0.0,0.0,479670.0,479670.0,479670.0,479670.0,479670.0,0.0,2.0,2.0,2.0,16384.0,3578.484375,168.9375,4786.0,1552.828125,128.0,1.0,0.07514712045191296,0.04468379098319047,319.1677630346599,375.7193360000383,479670.0,0.0078125,913.0,168.9375,79.0,0.0,0.03125,16384.0,3578.484375,297.0,0.03125,16384.0,3578.484375,297.0,1.6565968494328848e-05,0.6404333304972486,0.10612268081572461,0.007946198107674718,293.34792530094273,28.892939849058166,0.0016222929116338491,,6.760610267519951e-05,375.7193360000383,3.6112964153289795e-05,50.903866306878626,1.376263177022338,0.0,84.0
85,0.30434093344956636,33.612998962402344,0.0,0.5659099916617075,-0.00566791647967572,0.9969086572527885,1.0000003576278687,0.001828843611292541,0.9999999975164732,1.0,1.0,0.4982255697250366,0.6120782494544983,0.3043409585952759,1e-06,132.43889617919922,34.699602127075195,44.365234375,0.0,0.0,0.0,0.012991540514728209,0.0,0.0,0.0,0.0,0.0,0.0,0.0,0.0,0.0,0.0,0.0,0.0,428009.0,428009.0,428009.0,428009.0,428009.0,0.0,2.0,2.0,2.0,16384.0,3186.28125,157.5390625,16713.0,1612.3671875,128.0,1.0,0.07418210248616705,0.043265183602787034,295.28545229052554,362.3688507848419,428009.0,0.0078125,435.0,157.5390625,76.0,0.0,0.015625,16384.0,3186.28125,211.0,0.015625,16384.0,3186.28125,211.0,1.65904898772535e-05,0.707259253349722,0.10533767203254873,0.007100878981873393,288.451442923164,26.255178455961868,0.0015618919860571623,,7.036793977022171e-05,362.3688507848419,3.7822872400283813e-05,45.08547166897915,1.4285186869092286,0.0,85.0
86,0.22367080533877015,29.30562400817871,0.0,0.5723226178776134,-0.003017035852694376,0.9970521086996252,1.0000004768371582,0.001804875209927559,0.9999999945813959,1.0,1.0,0.42823871970176697,0.35347381234169006,0.2236708104610443,1e-06,126.32763290405273,34.699602127075195,44.365234375,0.0,0.0,0.0,0.007891965403277109,0.0,0.0,0.0,0.0,0.0,0.0,0.0,0.0,0.0,0.0,0.0,0.0,401650.0,401650.0,401650.0,401650.0,401650.0,0.0,2.0,2.0,2.0,16384.0,2976.5859375,161.3046875,3953.0,1613.578125,128.0,1.0,0.07045150758419273,0.04425422720897949,288.15378068974235,348.4684454239905,401650.0,0.0078125,897.0,161.3046875,82.0,0.0,0.0078125,16384.0,2976.5859375,221.0,0.0078125,16384.0,2976.5859375,221.0,1.3682907675614946e-05,0.7288960667974161,0.10976386800666671,0.005495739867910743,277.71158813801594,23.999553571920842,0.0009409710764884949,,7.967092096805573e-05,348.4684454239905,3.9125094190239906e-05,44.086657584877685,1.473108506994322,0.0,86.0
87,0.24798266449943185,25.341602325439453,0.0,0.5816034475962321,-0.0033316441404167563,0.9966966807842255,1.0000004768371582,2.9316753469288415e-09,0.9999999975164732,1.0,1.0,0.4797186553478241,0.39627397060394287,0.2479826658964157,1e-06,169.42183303833008,34.699602127075195,44.365234375,0.0,0.0,0.0,0.011175732132566433,0.0,0.0,0.0,0.0,0.0,0.0,0.0,0.0,0.0,0.0,0.0,0.0,444547.0,444547.0,444547.0,444547.0,444547.0,0.0,2.0,2.0,2.0,16384.0,3316.3125,156.7109375,4321.0,1508.1953125,128.0,1.0,0.07013997757422169,0.04370187525452112,300.4991168487837,369.84052121499553,444547.0,0.0078125,343.0,156.7109375,82.0,0.0,0.0078125,16384.0,3316.3125,346.0,0.0078125,16384.0,3316.3125,346.0,1.3393384707753648e-05,0.6826526435116997,0.1111036033737735,0.005953988991677761,289.7778553389944,27.556256559910253,0.0017193220555782318,,6.581004709005356e-05,369.84052121499553,3.640889190137386e-05,49.390773569000885,1.7715361879672855,0.0,87.0
88,0.23283983208239079,21.326452255249023,0.0,0.5800162225961685,-0.003113177162595093,0.9969429671764374,1.0000004768371582,0.0015740355011075735,1.0,1.0,1.0,0.44197940826416016,0.3787659704685211,0.23283982276916504,1e-06,157.2557601928711,34.699602127075195,44.365234375,0.0,0.0,0.0,0.01024344724137336,0.0,0.0,0.0,0.0,0.0,0.0,0.0,0.0,0.0,0.0,0.0,0.0,374988.0,374988.0,374988.0,374988.0,374988.0,0.0,2.0,2.0,2.0,9217.0,2772.8828125,156.7109375,16554.0,1743.0625,128.0,1.0,0.06748798093900008,0.04329483457963034,266.30243081109126,352.03208515397273,374988.0,0.0078125,412.0,156.7109375,83.0,0.0,0.0078125,9217.0,2772.8828125,204.0,0.0078125,9217.0,2772.8828125,204.0,1.5473657912423338e-05,0.8036656000810912,0.11223326655571197,0.0058024360332638025,285.2442277711816,22.52432407089509,0.0010664728470146656,,7.871794514358044e-05,352.03208515397273,3.523100167512894e-05,42.08612815919332,1.450971435988322,0.0,88.0
89,0.22496678307652473,17.18985366821289,0.0,0.5731686979532242,-0.0029987014480866493,0.9970195561647415,1.0000003576278687,0.0005241537583060563,0.9999999970197677,1.0,1.0,0.44402143359184265,0.3443416655063629,0.22496679425239563,1e-06,159.44726943969727,34.699602127075195,44.365234375,0.0,0.0,0.0,0.007190308760618791,0.0,0.0,0.0,0.0,0.0,0.0,0.0,0.0,0.0,0.0,0.0,0.0,368418.0,368418.0,368418.0,368418.0,368418.0,0.0,2.0,2.0,2.0,16384.0,2713.4609375,164.8046875,16596.0,1838.2890625,128.0,1.0,0.06933062693926906,0.04405102085301323,259.6537272674364,354.7205001418479,368418.0,0.0078125,859.0,164.8046875,82.0,0.0,0.015625,16384.0,2713.4609375,456.0,0.015625,16384.0,2713.4609375,456.0,1.534343311874197e-05,0.8314913943102703,0.11126946260197253,0.005652796942740679,288.796085546026,22.178828162141144,0.0015472990926355124,,8.551008068025112e-05,354.7205001418479,3.634183667600155e-05,40.99367287289351,1.4046816069167107,0.0,89.0
90,0.24976542359218,18.225893020629883,0.0,0.5899355221878398,-0.0032611900559541855,0.9966616224158894,1.0000004768371582,0.0010233891662210226,0.999999997290698,1.0,1.0,0.5051925182342529,0.3809863030910492,0.24976542592048645,1e-06,189.17240142822266,34.699602127075195,44.365234375,0.0,0.0,0.0,0.010598774676592175,0.0,0.0,0.0,0.0,0.0,0.0,0.0,0.0,0.0,0.0,0.0,0.0,418485.0,418485.0,418485.0,418485.0,418485.0,0.0,2.0,2.0,2.0,8566.0,3105.28125,164.1328125,6326.0,1674.6171875,128.0,1.0,0.06527169343313644,0.042903527058674375,275.26060801516735,380.0807197019458,418485.0,0.0078125,837.0,164.1328125,80.0,0.0,0.0078125,8566.0,3105.28125,233.0,0.0078125,8566.0,3105.28125,233.0,1.4948977476003977e-05,0.763120434883922,0.11605263542303036,0.006255922839045525,303.3220579759218,26.033260888885707,0.0010582942049950361,,8.56257975101471e-05,380.0807197019458,3.8912054151296616e-05,48.56628713500686,1.4681487530469894,0.0,90.0
91,0.22978488635271788,29.214412689208984,0.0,0.5824931315753771,-0.0030563842484970455,0.996899109819661,1.0000003576278687,0.0005288250977173448,1.0,1.0,1.0,0.44587528705596924,0.3346139192581177,0.22978489100933075,1e-06,183.40380859375,34.699602127075195,44.365234375,0.0,0.0,0.0,0.009750994260842994,0.0,0.0,0.0,0.0,0.0,0.0,0.0,0.0,0.0,0.0,0.0,0.0,415819.0,415819.0,415819.0,415819.0,415819.0,0.0,2.0,2.0,2.0,16384.0,3078.0078125,170.578125,11523.0,1735.46875,128.0,1.0,0.06840722465761633,0.04279649753110406,285.7020405524429,363.85721921687946,415819.0,0.0078125,1552.0,170.578125,88.0,0.0,0.0078125,16384.0,3078.0078125,320.0,0.0078125,16384.0,3078.0078125,320.0,1.6795904483489365e-05,0.7304670460679986,0.11384881282772001,0.006984056206420064,287.7930591451004,25.81762130698189,0.003030461026355624,,9.498908184468746e-05,363.85721921687946,3.803498111665249e-05,47.340499501209706,1.58075032196939,0.0,91.0
92,0.22336839977651834,20.418725967407227,0.0,0.5781804271366285,-0.0029657091742948346,0.9972591840702555,1.0000003576278687,0.0023742271587252617,1.0,1.0,1.0,0.4316263198852539,0.3394964933395386,0.22336840629577637,1e-06,173.42892837524414,34.699602127075195,44.365234375,0.0,0.0,0.0,0.00880084206532363,0.0,0.0,0.0,0.0,0.0,0.0,0.0,0.0,0.0,0.0,0.0,0.0,419906.0,419906.0,419906.0,419906.0,419906.0,0.0,2.0,2.0,2.0,16384.0,3131.828125,148.6875,16589.0,1691.234375,128.0,1.0,0.06494329636800919,0.03857127142605272,283.6754069839146,370.0585155270528,419906.0,0.0078125,391.0,148.6875,79.0,0.0,0.0078125,16384.0,3131.828125,193.0,0.0078125,16384.0,3131.828125,193.0,1.616605838730543e-05,0.7164462106218419,0.12139867571789388,0.006788224913179874,287.20465823682025,28.777766971150413,0.0014733229763805866,,8.645420894026756e-05,370.0585155270528,3.926502540707588e-05,50.97603232599795,1.8336719339713454,0.0,92.0
93,0.22899478231556714,17.786251068115234,0.0,0.5761818115909895,-0.0030257189161299416,0.9969555462400118,1.0000004768371582,0.00040505401557311416,1.0,1.0,1.0,0.45490145683288574,0.3335493505001068,0.22899478673934937,1e-06,134.65298080444336,34.699602127075195,44.365234375,0.0,0.0,0.0,0.012335995831866361,0.0,0.0,0.0,0.0,0.0,0.0,0.0,0.0,0.0,0.0,0.0,0.0,437467.0,437467.0,437467.0,437467.0,437467.0,0.0,2.0,2.0,2.0,16384.0,3260.984375,156.7265625,17240.0,1743.0390625,128.0,1.0,0.069248136991749,0.0396578348989293,284.64352833155783,384.2235607500188,437467.0,0.0078125,769.0,156.7265625,85.0,0.0,0.015625,16384.0,3260.984375,210.0,0.015625,16384.0,3260.984375,210.0,1.6603451367074112e-05,0.7023287841168668,0.1337764584368684,0.00726346205919981,293.1562484630849,29.604345245985314,0.0012401959393173456,,8.556898683309555e-05,384.2235607500188,3.59630212187767e-05,58.52278594300151,1.7046174260322005,0.0,93.0
94,0.2415041325148195,18.10698699951172,0.0,0.5823797409733137,-0.003208095188407848,0.9968601663907369,1.0000003576278687,0.0004959743237122893,0.9999999975164732,1.0,1.0,0.468183308839798,0.33741524815559387,0.24150413274765015,1e-06,200.2793960571289,34.699602127075195,44.365234375,0.0,0.0,0.0,0.010611659818096086,0.0,0.0,0.0,0.0,0.0,0.0,0.0,0.0,0.0,0.0,0.0,0.0,449598.0,449598.0,449598.0,449598.0,449598.0,0.0,2.0,2.0,2.0,16384.0,3353.75,158.734375,16628.0,1653.53125,128.0,1.0,0.06890404721161407,0.04402815424720183,299.76812592979553,374.9548076579813,449598.0,0.0078125,610.0,158.734375,87.0,0.0,0.0078125,16384.0,3353.75,220.0,0.0078125,16384.0,3353.75,220.0,1.241735053870393e-05,0.6862807403793878,0.11239788032887152,0.00558281596750021,294.6065962300636,27.069260349031538,0.0015597138553857803,,6.57760538160801e-05,374.9548076579813,3.918912261724472e-05,50.533862200099975,1.5160599630326033,0.0,94.0
95,0.22982208896428347,16.161834716796875,0.0,0.5826058848337694,-0.0030334228014742785,0.9970939294858412,1.0000004768371582,0.0015867884503677487,0.9999999945813959,1.0,1.0,0.4489869475364685,0.3405018746852875,0.2298220992088318,1e-06,151.2607879638672,34.699602127075195,44.365234375,0.0,0.0,0.0,0.008387311402740042,0.0,0.0,0.0,0.0,0.0,0.0,0.0,0.0,0.0,0.0,0.0,0.0,409943.0,409943.0,409943.0,409943.0,409943.0,0.0,2.0,2.0,2.0,16384.0,3043.78125,158.8984375,5418.0,1589.65625,128.0,1.0,0.06872478561789704,0.044341392895751314,286.45679092513865,357.77036274480633,409943.0,0.0078125,560.0,158.8984375,85.0,0.0,0.0078125,16384.0,3043.78125,212.0,0.0078125,16384.0,3043.78125,212.0,1.8978135987948296e-05,0.729127662195251,0.11330274112043118,0.0077799540013074875,284.0710537019186,24.361359885893762,0.0029127169400453568,,7.243221625685692e-05,357.77036274480633,4.0152110159397125e-05,46.44766560313292,1.6748982679564506,0.0,95.0
96,0.23042556270956993,24.268951416015625,0.0,0.5695939946174622,-0.0030977460462599995,0.9966527700424195,1.0000004768371582,0.002346562687307596,0.9999999928474427,1.0,1.0,0.4417400360107422,0.32496219873428345,0.23042556643486023,1e-06,137.58088302612305,34.699602127075195,44.365234375,0.0,0.0,0.0,0.010750649606343358,0.0,0.0,0.0,0.0,0.0,0.0,0.0,0.0,0.0,0.0,0.0,0.0,462561.0,462561.0,462561.0,462561.0,462561.0,0.0,2.0,2.0,2.0,16384.0,3458.0234375,155.734375,4723.0,1664.9609375,128.0,1.0,0.07234292746572987,0.044645375810282224,307.21105735121114,376.41955663007684,462561.0,0.0078125,493.0,155.734375,86.0,0.0,0.0234375,16384.0,3458.0234375,348.0,0.0234375,16384.0,3458.0234375,348.0,1.2191306478963116e-05,0.6663057683264718,0.11019264405344052,0.005639222916215658,294.92492331704125,27.90830815793015,0.0018030449282377958,,7.283501327037811e-05,376.41955663007684,3.4705037251114845e-05,50.970819626003504,1.461309073958546,0.0,96.0
97,0.23476383392699063,28.977827072143555,0.0,0.5783715081214905,-0.0031269539799541235,0.9968091082572937,1.0000004768371582,4.924607310385909e-06,0.9999999952316284,1.0,1.0,0.45323997735977173,0.33963972330093384,0.23476383090019226,1e-06,147.58636474609375,34.699602127075195,44.365234375,0.0,0.0,0.0,0.013401058823801578,0.0,0.0,0.0,0.0,0.0,0.0,0.0,0.0,0.0,0.0,0.0,0.0,463965.0,463965.0,463965.0,463965.0,463965.0,0.0,2.0,2.0,2.0,16384.0,3472.53125,152.1953125,4501.0,1520.2578125,128.0,1.0,0.07062918198869486,0.04469401837967237,313.11180345406353,370.446750076022,463965.0,0.0078125,680.0,152.1953125,87.0,0.0,0.0078125,16384.0,3472.53125,392.0,0.0078125,16384.0,3472.53125,392.0,1.4124477429643704e-05,0.6511580495698281,0.10951037735861233,0.006553263170644641,289.4293345049955,27.424031130038202,0.0012815298978239298,,8.342880755662918e-05,370.446750076022,3.837188705801964e-05,50.808982231188565,1.609232045011595,0.0,97.0
98,0.2141313343308866,28.35003662109375,0.0,0.5736527199094946,-0.0028524123005230317,0.997306921265342,1.0000004768371582,1.4568958249583375e-05,0.999999997290698,1.0,1.0,0.40972909331321716,0.3164941370487213,0.21413134038448334,1e-06,142.20806884765625,34.699602127075195,44.365234375,0.0,0.0,0.0,0.010034729600936937,0.0,0.0,0.0,0.0,0.0,0.0,0.0,0.0,0.0,0.0,0.0,0.0,416905.0,416905.0,416905.0,416905.0,416905.0,0.0,2.0,2.0,2.0,16384.0,3109.953125,147.1171875,5213.0,1567.203125,128.0,1.0,0.06993345985474177,0.04351633227787207,276.93648835740765,376.35434253606945,416905.0,0.0078125,270.0,147.1171875,82.0,0.0,0.015625,16384.0,3109.953125,374.0,0.015625,16384.0,3109.953125,374.0,1.4511308297494364e-05,0.7597688091837456,0.11059236175892623,0.006049836985766888,302.44420894701034,25.278116270899773,0.0012464008759707212,,9.748199954628944e-05,376.35434253606945,4.001287743449211e-05,46.10650857910514,1.3917816430330276,0.0,98.0
99,0.23248826432973146,25.93133544921875,0.0,0.5790398608554493,-0.00312580661424859,0.9968486076051538,1.0000003576278687,0.0016957129118964076,1.0,1.0,1.0,0.44702234864234924,0.35266968607902527,0.23248827457427979,1e-06,144.67325592041016,34.699602127075195,44.365234375,0.0,0.0,0.0,0.012154427197939103,0.0,0.0,0.0,0.0,0.0,0.0,0.0,0.0,0.0,0.0,0.0,0.0,399981.0,399981.0,399981.0,399981.0,399981.0,0.0,2.0,2.0,2.0,16384.0,2977.265625,147.5859375,16562.0,1640.7578125,128.0,1.0,0.07143310987187267,0.04470223007810037,282.45156078594385,354.02619026694447,399981.0,0.0078125,334.0,147.5859375,85.0,0.0,0.0078125,16384.0,2977.265625,142.0,0.0078125,16384.0,2977.265625,142.0,1.3185953739775286e-05,0.7450163346161033,0.10829201987361985,0.005274130962789059,283.9182749588508,23.94872211292386,0.001787054119631648,,9.666080586612225e-05,354.02619026694447,4.016305319964886e-05,43.31475040107034,1.6490178590174764,0.0,99.0
100,0.2371502062305808,22.24205207824707,0.0,0.5824764474578525,-0.00315189879367371,0.9968613489814426,1.0000004768371582,0.0038231853395700455,0.9999999974084937,1.0,1.0,0.4619913399219513,0.34851741790771484,0.2371501922607422,1e-06,143.5950927734375,34.699602127075195,44.365234375,0.0,0.0,0.0,0.010315272883694295,0.0,0.0,0.0,0.0,0.0,0.0,0.0,0.0,0.0,0.0,0.0,0.0,429379.0,429379.0,429379.0,429379.0,429379.0,0.0,2.0,2.0,2.0,16384.0,3201.2578125,153.265625,16747.0,1792.1640625,128.0,1.0,0.07046938629367779,0.04328032081908148,265.37991082318456,404.4946343791671,429379.0,0.0078125,324.0,153.265625,85.0,0.0,0.0078125,16384.0,3201.2578125,265.0,0.0078125,16384.0,3201.2578125,265.0,1.2297618016346403e-05,0.704365298427484,0.10953282259233117,0.005280338926240802,288.62142904894426,26.494393477914855,0.004048393107950687,39.274678953923285,7.826299406588078e-05,404.4946343791671,4.8601068556308746e-05,47.03109383187257,1.960400177165866,0.0,100.0
101,0.24000327149406075,17.44162940979004,0.0,0.5771592363067295,-0.0031973271144796972,0.9967697003613347,1.0000003576278687,2.734764348133467e-05,1.0,1.0,1.0,0.46988844871520996,0.3635215163230896,0.24000327289104462,1e-06,146.88653564453125,34.699602127075195,44.365234375,0.0,0.0,0.0,0.010923752136042585,0.0,0.0,0.0,0.0,0.0,0.0,0.0,0.0,0.0,0.0,0.0,0.0,417682.0,417682.0,417682.0,417682.0,417682.0,0.0,2.0,2.0,2.0,16384.0,3108.890625,154.25,4738.0,1591.2265625,128.0,1.0,0.07084792196927202,0.04391588761858173,294.79097566976543,354.2187808251474,417682.0,0.0078125,491.0,154.25,88.0,0.0,0.0078125,16384.0,3108.890625,215.0,0.0078125,16384.0,3108.890625,215.0,1.7623309525674037e-05,0.7059716548880167,0.1089245719208935,0.007360939169302583,280.9329484028276,25.270333805819973,0.002225229050964117,,7.700198329985142e-05,354.2187808251474,3.937701694667339e-05,45.49583304906264,1.3957967881578952,0.0,101.0
102,0.21777372574433684,18.606184005737305,0.0,0.5685615266362826,-0.0029263077885843813,0.9971393346786499,1.0000003576278687,8.052956218307372e-06,0.9999999950329462,1.0,1.0,0.4150572419166565,0.32004326581954956,0.21777372062206268,1e-06,189.68868255615234,34.699602127075195,44.365234375,0.0,0.0,0.0,0.013748670011409558,0.0,0.0,0.0,0.0,0.0,0.0,0.0,0.0,0.0,0.0,0.0,0.0,438773.0,438773.0,438773.0,438773.0,438773.0,0.0,2.0,2.0,2.0,16384.0,3273.765625,154.1484375,4467.0,1610.03125,128.0,1.0,0.06989106721241146,0.0224518059022458,270.51743752026726,405.49419292714447,438773.0,0.0078125,387.0,154.1484375,77.0,0.0,0.03125,16384.0,3273.765625,337.0,0.03125,16384.0,3273.765625,337.0,1.4896153541179507e-05,0.7194385716419659,0.11479119422600023,0.006536029977723956,301.47497793799266,50.77187942317687,0.0009601439815014601,,7.483083754777908e-05,405.49419292714447,3.9005884900689125e-05,50.3672766641248,1.6743456730619073,0.0,102.0
103,0.24023846350610256,23.727806091308594,0.0,0.5842974644440871,-0.0031839339958074,0.9968619415393243,1.0000004768371582,0.00057857675710693,0.999999993122541,1.0,1.0,0.4772695302963257,0.34294217824935913,0.24023845791816711,1e-06,192.5503807067871,34.699602127075195,44.365234375,0.0,0.0,0.0,0.011842830052885871,0.0,0.0,0.0,0.0,0.0,0.0,0.0,0.0,0.0,0.0,0.0,0.0,485519.0,485519.0,485519.0,485519.0,485519.0,0.0,2.0,2.0,2.0,16384.0,3637.09375,156.0234375,3816.0,1628.5234375,128.0,1.0,0.06283954198165767,0.04268466679833192,293.16613518594465,414.0305970981717,485519.0,0.0078125,359.0,156.0234375,86.0,0.0,0.0078125,16384.0,3637.09375,217.0,0.0078125,16384.0,3637.09375,217.0,1.3315324781481267e-05,0.6842309239111518,0.127972582696071,0.006464843172580004,318.5423381649889,30.343523452989757,0.0011254569981247187,,0.00010429392568767071,414.0305970981717,7.708580233156681e-05,62.1331203780137,1.7740600360557437,0.0,103.0
104,0.2250168425962329,26.75920295715332,0.0,0.5749449865384535,-0.0029978191966868258,0.9971584596417167,1.0000004768371582,0.0005919892573729157,0.999999997290698,1.0,1.0,0.4277993440628052,0.3388596773147583,0.22501684725284576,1e-06,190.6975326538086,34.699602127075195,44.365234375,0.0,0.0,0.0,0.012684995160353455,0.0,0.0,0.0,0.0,0.0,0.0,0.0,0.0,0.0,0.0,0.0,0.0,416076.0,416076.0,416076.0,416076.0,416076.0,0.0,2.0,2.0,2.0,16384.0,3102.78125,147.8125,3406.0,1382.0390625,128.0,1.0,0.05175630562701365,0.02259085238632968,248.40183262294943,418.7529492098838,416076.0,0.0078125,385.0,147.8125,76.0,0.0,0.015625,16384.0,3102.78125,184.0,0.015625,16384.0,3102.78125,184.0,1.4602090020550445e-05,0.7723855191334099,0.14986569669685113,0.006075579207390547,306.75754323694855,46.43991858209483,0.0010628609452396631,,9.294017218053341e-05,418.7529492098838,5.8045145124197006e-05,62.355519618839025,1.8151476250495762,0.0,104.0
105,0.23720401083119214,24.2487735748291,0.0,0.580311506986618,-0.0031530013522849632,0.9967799393030313,1.0000004768371582,0.0012350007891654968,1.0,1.0,1.0,0.4607870280742645,0.3213256895542145,0.23720401525497437,1e-06,162.93317413330078,34.699602127075195,44.365234375,0.0,0.0,0.0,0.015113296034402222,0.0,0.0,0.0,0.0,0.0,0.0,0.0,0.0,0.0,0.0,0.0,0.0,485609.0,485609.0,485609.0,485609.0,485609.0,0.0,2.0,2.0,2.0,16384.0,3625.390625,168.4296875,5138.0,1763.2734375,128.0,1.0,0.059030206906250694,0.03341819438027898,268.7804025024402,451.6782059618272,485609.0,0.0078125,1234.0,168.4296875,85.0,0.0,0.015625,16384.0,3625.390625,340.0,0.015625,16384.0,3625.390625,340.0,1.4087615850420964e-05,0.7405780062706399,0.13416322905905792,0.006841073045507073,343.66522380989045,39.34271110105328,0.0026066501159220934,,0.00012371991761028767,451.6782059618272,4.48138453066349e-05,65.15087150014006,2.053464067168534,0.0,105.0
106,0.22834959020838141,22.58396339416504,0.0,0.5745766386389732,-0.0030425310590847707,0.9969487761457761,1.0000003576278687,0.001548206084407866,1.0,1.0,1.0,0.4394083321094513,0.3318554759025574,0.22834959626197815,1e-06,147.16567611694336,34.699602127075195,44.365234375,0.0,0.0,0.0,0.014203291011654073,0.0,0.0,0.0,0.0,0.0,0.0,0.0,0.0,0.0,0.0,0.0,0.0,433217.0,433217.0,433217.0,433217.0,433217.0,0.0,2.0,2.0,2.0,16384.0,3229.3046875,155.203125,16581.0,1857.5,128.0,1.0,0.07249229862398403,0.04022594205473239,261.748625874008,413.771990734851,433217.0,0.0078125,384.0,155.203125,81.0,0.0,0.03125,16384.0,3229.3046875,312.0,0.03125,16384.0,3229.3046875,312.0,2.1664240088337562e-05,0.8047668689636002,0.11056353411589644,0.009385317098349333,332.6511900529731,29.80917964782566,0.0016710520721971989,,0.00012248195707798004,413.771990734851,4.274607636034489e-05,47.89800255908631,1.9267574108671397,0.0,106.0
107,0.21253546350635588,29.814714431762695,0.0,0.5704304552995242,-0.0028506868268148257,0.9970325644199665,1.0000004768371582,0.0011041375109925866,0.9999999954150274,1.0,1.0,0.4065055549144745,0.3075096905231476,0.21253545582294464,1e-06,115.95413589477539,34.699602127075195,44.365234375,0.0,0.0,0.0,0.013410632899299694,0.0,0.0,0.0,0.0,0.0,0.0,0.0,0.0,0.0,0.0,0.0,0.0,486881.0,486881.0,486881.0,486881.0,486881.0,0.0,2.0,2.0,2.0,16384.0,3645.5078125,158.25,6701.0,1684.2578125,128.0,1.0,0.07309946139885483,0.04460162863678901,309.40998481299215,393.39470597100444,486881.0,0.0078125,622.0,158.25,79.0,0.0,0.03125,16384.0,3645.5078125,210.0,0.03125,16384.0,3645.5078125,210.0,1.3345893658429426e-05,0.6605973323632981,0.10818586414309732,0.006497862050309777,308.25123021402396,29.84027007012628,0.0012450539506971836,,9.505706839263439e-05,393.39470597100444,4.270905628800392e-05,52.67364171985537,1.419096885016188,0.0,107.0
108,0.23785083834081888,19.131441116333008,0.0,0.5822209607471119,-0.00316948617215861,0.9968944842165167,1.0000004768371582,0.0002402440586593002,1.0,1.0,1.0,0.4572245478630066,0.33557114005088806,0.2378508448600769,1e-06,125.93704605102539,34.699602127075195,44.365234375,0.0,0.0,0.0,0.011758307057872034,0.0,0.0,0.0,0.0,0.0,0.0,0.0,0.0,0.0,0.0,0.0,0.0,410762.0,410762.0,410762.0,410762.0,410762.0,0.0,2.0,2.0,2.0,16384.0,3055.0390625,154.0390625,16591.0,1718.4765625,128.0,1.0,0.07007086648904864,0.04431581880302126,286.20351267696793,358.80237471405417,410762.0,0.0078125,347.0,154.0390625,79.0,0.0,0.0078125,16384.0,3055.0390625,224.0,0.0078125,16384.0,3055.0390625,224.0,1.278424520178129e-05,0.7321883086247302,0.11025682390811241,0.005251282127574086,286.3185771461576,24.472140623023733,0.0009228489361703396,,7.158913649618626e-05,358.80237471405417,3.572413697838783e-05,45.28931350214407,1.5460089510306716,0.0,108.0
109,0.2338779242709279,16.430435180664062,0.0,0.5708017253875732,-0.003136826897971332,0.9968681168556214,1.0000003576278687,0.0024766242131590843,1.0,1.0,1.0,0.4578511118888855,0.3373013734817505,0.23387792706489563,1e-06,124.90620422363281,34.699602127075195,44.365234375,0.0,0.0,0.0,0.011794716222211718,0.0,0.0,0.0,0.0,0.0,0.0,0.0,0.0,0.0,0.0,0.0,0.0,459438.0,459438.0,459438.0,459438.0,459438.0,0.0,2.0,2.0,2.0,16384.0,3432.6171875,156.7421875,16574.0,1700.2421875,128.0,1.0,0.07345331519296121,0.04591935431367153,300.8776819917813,381.7481550630182,459438.0,0.0078125,771.0,156.7421875,80.0,0.0,0.03125,16384.0,3432.6171875,326.0,0.03125,16384.0,3432.6171875,326.0,1.1813759397413229e-05,0.6878573975148233,0.10843278920982026,0.005427689990028739,302.2273440330755,27.11879188986495,0.0011814450845122337,,6.470107473433018e-05,381.7481550630182,4.9202935770154e-05,49.818143808981404,1.395162905100733,0.0,109.0
110,0.231178043410182,25.80461311340332,0.0,0.5849185233766382,-0.0030846238474954257,0.9972036914391951,1.0000004768371582,0.0039215413853526115,0.9999999945813959,1.0,1.0,0.4536178410053253,0.33992770314216614,0.23117804527282715,1e-06,122.77946853637695,34.699602127075195,44.365234375,0.0,0.0,0.0,0.01307254925830586,0.0,0.0,0.0,0.0,0.0,0.0,0.0,0.0,0.0,0.0,0.0,0.0,395510.0,395510.0,395510.0,395510.0,395510.0,0.0,2.0,2.0,2.0,11282.0,2937.796875,152.125,3529.0,1483.953125,128.0,1.0,0.06997691807250443,0.04541353674572219,299.0540488558585,330.6342127060052,395510.0,0.0078125,315.0,152.125,81.0,0.0,0.0078125,11282.0,2937.796875,361.0,0.0078125,11282.0,2937.796875,361.0,1.071699066591282e-05,0.696358863159886,0.11079144483300167,0.00423867697827518,261.8573941849172,22.707016572821885,0.0007026640232652426,,6.712600588798523e-05,330.6342127060052,5.646911449730396e-05,43.81912434590049,1.4430646449327469,0.0,110.0
111,0.2165854424238205,20.889244079589844,0.0,0.5759073066711425,-0.0029078392218798398,0.9972095799446106,1.0000004768371582,0.002210157224908471,0.9999999976158143,1.0,1.0,0.421678751707077,0.3103901445865631,0.2165854424238205,1e-06,120.28934478759766,34.699602127075195,44.365234375,0.0,0.0,0.0,0.008369253715500236,0.0,0.0,0.0,0.0,0.0,0.0,0.0,0.0,0.0,0.0,0.0,0.0,462875.0,462875.0,462875.0,462875.0,462875.0,0.0,2.0,2.0,2.0,16384.0,3460.25,155.9609375,4047.0,1697.796875,128.0,1.0,0.07191931487198377,0.04526706769119163,312.3299148466216,370.5016538579948,462875.0,0.0078125,490.0,155.9609375,87.0,0.0,0.0234375,16384.0,3460.25,297.0,0.0234375,16384.0,3460.25,297.0,1.0541418646272376e-05,0.6553309149738534,0.10879500766060674,0.004879359155893326,290.2539262128994,27.342386983102188,0.0013871800620108843,,6.228289566934109e-05,370.5016538579948,4.4579850509762764e-05,50.35848917090334,1.3707434360403568,0.0,111.0
112,0.2162994733080268,16.889047622680664,0.0,0.5752773199762616,-0.002915112589973779,0.9972467422485352,1.0000003576278687,0.00018232406000606716,0.9999999971616835,1.0,1.0,0.4157707989215851,0.3383557200431824,0.21629947423934937,1e-06,118.72102737426758,34.699602127075195,44.365234375,0.0,0.0,0.0,0.009935389627658185,0.0,0.0,0.0,0.0,0.0,0.0,0.0,0.0,0.0,0.0,0.0,0.0,385231.0,385231.0,385231.0,385231.0,385231.0,0.0,2.0,2.0,2.0,16384.0,2856.1171875,153.5,5818.0,1599.140625,128.0,1.0,0.07098748094447042,0.04343426397908851,288.3334275112819,334.0152088201139,385231.0,0.0078125,702.0,153.5,77.0,0.0,0.0078125,16384.0,2856.1171875,288.0,0.0078125,16384.0,2856.1171875,288.0,1.7139994001171998e-05,0.7280438838352679,0.10865987494555039,0.00660285702906549,266.16046718414873,23.212491670856252,0.0012338778469711542,,6.76510389894247e-05,334.0152088201139,4.153396002948284e-05,41.85915228514932,1.5866658720187843,0.0,112.0
113,0.22708368860185146,26.799903869628906,0.0,0.578681424908016,-0.003024262193914341,0.9970707426900449,1.0000003576278687,0.001311502535827458,1.0,1.0,1.0,0.43881261348724365,0.3839174211025238,0.22708368301391602,1e-06,119.33956527709961,34.699602127075195,44.365234375,0.0,0.0,0.0,0.01225243519318452,0.0,0.0,0.0,0.0,0.0,0.0,0.0,0.0,0.0,0.0,0.0,0.0,419804.0,419804.0,419804.0,419804.0,419804.0,0.0,2.0,2.0,2.0,16384.0,3128.7578125,150.9609375,3788.0,1495.1796875,128.0,1.0,0.07203555344822948,0.04360612687888534,285.6233710291755,367.4454216468148,419804.0,0.0078125,780.0,150.9609375,85.0,0.0,0.0078125,16384.0,3128.7578125,316.0,0.0078125,16384.0,3128.7578125,316.0,1.647698645919243e-05,0.7355016812932591,0.10755536147347133,0.006917104823514819,294.5544488260057,25.209259141935036,0.0011153260711580515,,7.327902130782604e-05,367.4454216468148,3.895699046552181e-05,45.15217096800916,1.3458584321197122,0.0,113.0
114,0.2221878869459033,17.269264221191406,0.0,0.5700506957677695,-0.0029584330399162495,0.9969327610272628,1.0000004768371582,0.001492014154791832,0.9999999954150274,1.0,1.0,0.4373190701007843,0.3194580674171448,0.22218787670135498,1e-06,128.98247146606445,34.86219358444214,44.564453125,0.0,0.0,0.0,0.010845334347462855,0.0,0.0,0.0,0.0,0.0,0.0,0.0,0.0,0.0,0.0,0.0,0.0,485835.0,485835.0,485835.0,485835.0,485835.0,0.0,2.0,2.0,2.0,16384.0,3636.0078125,159.578125,7806.0,1727.1171875,128.0,1.0,0.07441371880269801,0.04545091162047676,304.1812459071377,399.297299338039,485835.0,0.0078125,446.0,159.578125,84.0,0.0,0.0390625,16384.0,3636.0078125,140.0,0.0390625,16384.0,3636.0078125,140.0,9.964226618847296e-06,0.6781166846942506,0.10720828312250283,0.004840970039367676,315.6016081068665,28.912697944091633,0.0008998820558190346,,7.93959479779005e-05,399.297299338039,3.8248952478170395e-05,52.08553623082116,1.510319635970518,0.0,114.0
115,0.22387393470853567,15.769187927246094,0.0,0.58143504912203,-0.0029898696494373407,0.9971347342837941,1.0000004768371582,0.005466960836201906,0.999999997290698,1.0,1.0,0.4341661334037781,0.32998406887054443,0.22387394309043884,1e-06,125.97624206542969,34.86219358444214,44.564453125,0.0,0.0,0.0,0.012333356838842685,0.0,0.0,0.0,0.0,0.0,0.0,0.0,0.0,0.0,0.0,0.0,0.0,401927.0,401927.0,401927.0,401927.0,401927.0,0.0,2.0,2.0,2.0,8621.0,2981.2421875,158.8125,6622.0,1617.1484375,128.0,1.0,0.07012436927485331,0.04512475990564677,298.3072432167272,336.8397928138729,401927.0,0.0078125,361.0,158.8125,80.0,0.0,0.0078125,8621.0,2981.2421875,266.0,0.0078125,8621.0,2981.2421875,266.0,9.457677636579703e-06,0.7010347280966107,0.10935847442469569,0.0038012959994375706,267.51415120693855,23.172919305041432,0.0005440060049295425,,7.650302723050117e-05,336.8397928138729,4.016095772385597e-05,43.954123550094664,1.5628956269938499,0.0,115.0
116,0.23431662656366825,23.70846176147461,0.0,0.5819373455914584,-0.0031348379455845466,0.9970261508768256,1.0000004768371582,0.002183393109589815,0.9999999945813959,1.0,1.0,0.4573657214641571,0.3268454372882843,0.2343166321516037,1e-06,125.72968673706055,34.86219358444214,44.564453125,0.0,0.0,0.0,0.012281421410576017,0.0,0.0,0.0,0.0,0.0,0.0,0.0,0.0,0.0,0.0,0.0,0.0,404888.0,404888.0,404888.0,404888.0,404888.0,0.0,2.0,2.0,2.0,8441.0,3010.9140625,152.2734375,7697.0,1604.3203125,128.0,1.0,0.07018489094228769,0.044458711806871686,296.82814980873695,341.01213131309487,404888.0,0.0078125,422.0,152.2734375,86.0,0.0,0.0078125,8441.0,3010.9140625,309.0,0.0078125,8441.0,3010.9140625,309.0,1.0148673192183615e-05,0.7031065171939538,0.10910203037844965,0.004109075991436839,270.9751424069982,23.596794123062864,0.0005338289774954319,,6.309198215603828e-05,341.01213131309487,4.09809872508049e-05,44.17410287586972,1.6409965201746672,0.0,116.0
117,0.210362549405545,18.647907257080078,0.0,0.577415943145752,-0.0028306266592283335,0.9975660216240656,1.0000003576278687,1.4054205166758038e-05,1.0,1.0,1.0,0.3997017443180084,0.3435581922531128,0.21036255359649658,1e-06,126.60895538330078,34.86219358444214,44.564453125,0.0,0.0,0.0,0.012327876341130053,0.0,0.0,0.0,0.0,0.0,0.0,0.0,0.0,0.0,0.0,0.0,0.0,374443.0,374443.0,374443.0,374443.0,374443.0,0.0,2.0,2.0,2.0,16384.0,2763.9765625,161.359375,5920.0,1637.2265625,128.0,1.0,0.07130937031322647,0.044116794993545046,289.47931704385036,323.37629836890846,374443.0,0.0078125,1026.0,161.359375,86.0,0.0,0.0078125,16384.0,2763.9765625,213.0,0.0078125,16384.0,2763.9765625,213.0,1.4505091734420521e-05,0.7302817677262468,0.10724709768150192,0.005431330064311624,258.36565632210113,22.172620950033888,0.0014519859105348587,,8.476781658828259e-05,323.37629836890846,3.7210993468761444e-05,40.15792499715462,1.337031391914934,0.0,117.0
118,0.2395533723756671,18.188135147094727,0.0,0.5816372931003571,-0.0032003344191859164,0.9968676765759786,1.0000003576278687,0.0015858742408454418,0.9999999975164732,1.0,1.0,0.4689125120639801,0.3380894362926483,0.23955337703227997,1e-06,125.69144821166992,34.86219358444214,44.564453125,0.0,0.0,0.0,0.011834829769213684,0.0,0.0,0.0,0.0,0.0,0.0,0.0,0.0,0.0,0.0,0.0,0.0,447561.0,447561.0,447561.0,447561.0,447561.0,0.0,2.0,2.0,2.0,10338.0,3348.4453125,148.125,9371.0,1751.5546875,128.0,1.0,0.07035757030442383,0.04528751521857997,286.9749867153679,389.8954793261364,447561.0,0.0078125,295.0,148.125,83.0,0.0,0.0078125,10338.0,3348.4453125,163.0,0.0078125,10338.0,3348.4453125,163.0,1.0393376794097932e-05,0.7292870869365775,0.10988546957621577,0.004651670111343265,312.57317474810407,25.833470547106117,0.0008507180027663708,,6.907712668180466e-05,389.8954793261364,3.517698496580124e-05,49.180450649000704,1.5685708459932357,0.0,118.0
119,0.22114888951182365,15.431289672851562,0.0,0.5851506979569144,-0.0029375462225921774,0.997269226157147,1.0000003576278687,0.003461266402155161,0.9999999974084937,1.0,1.0,0.43439510464668274,0.31699445843696594,0.22114889323711395,1e-06,123.73114776611328,34.86219358444214,44.564453125,0.0,0.0,0.0,0.00980964298967434,0.0,0.0,0.0,0.0,0.0,0.0,0.0,0.0,0.0,0.0,0.0,0.0,424091.0,424091.0,424091.0,424091.0,424091.0,0.0,2.0,2.0,2.0,10254.0,3148.25,164.9609375,8385.0,1728.8046875,128.0,1.0,0.06994451171846942,0.04349931518194285,289.4249748767246,366.32204959215596,424091.0,0.0078125,527.0,164.9609375,84.0,0.0,0.0078125,10254.0,3148.25,270.0,0.0078125,10254.0,3148.25,270.0,9.341198407976913e-06,0.7269352925186724,0.10846749632268207,0.003961518174037337,292.9374764380045,25.294340579072013,0.000619460130110383,,6.240885704755783e-05,366.32204959215596,3.7825899198651314e-05,46.00008898298256,1.3385763650294393,0.0,119.0
120,0.23019790276885033,21.254024505615234,0.0,0.5871650170196187,-0.0030390388882634315,0.9972891103137623,1.0000004768371582,0.0026251308154314756,1.0,1.0,1.0,0.4469393491744995,0.335191011428833,0.23019790649414062,1e-06,125.74093627929688,34.86219358444214,44.564453125,0.0,0.0,0.0,0.01133532414413904,0.0,0.0,0.0,0.0,0.0,0.0,0.0,0.0,0.0,0.0,0.0,0.0,402372.0,402372.0,402372.0,402372.0,402372.0,0.0,2.0,2.0,2.0,8078.0,2982.9140625,160.6171875,9004.0,1743.28125,128.0,1.0,0.07020918829300735,0.044995071975179796,265.78220210591576,378.4790674580727,402372.0,0.0078125,374.0,160.6171875,83.0,0.0,0.0078125,8078.0,2982.9140625,384.0,0.0078125,8078.0,2982.9140625,384.0,9.121194221283404e-06,0.7149749128186474,0.1078546209879444,0.0036701131612062454,272.98671638802625,23.044173212023452,0.000882650027051568,36.82761079305783,9.406404569745064e-05,378.4790674580727,3.6610057577490807e-05,43.397679556161165,1.6172116741072387,0.0,120.0
121,0.21982232434675097,26.350074768066406,0.0,0.578667822338286,-0.0029451091651849096,0.9972553650538126,1.0000003576278687,0.001188003458082676,1.0,1.0,1.0,0.4203023314476013,0.33245259523391724,0.21982231736183167,1e-06,127.58417510986328,34.86219358444214,44.564453125,0.0,0.0,0.0,0.012129473522128094,0.0,0.0,0.0,0.0,0.0,0.0,0.0,0.0,0.0,0.0,0.0,0.0,381008.0,381008.0,381008.0,381008.0,381008.0,0.0,2.0,2.0,2.0,16384.0,2816.4609375,160.1640625,4715.0,1617.4375,128.0,1.0,0.07130072611149647,0.04329773849778365,290.3450017272166,328.0648863709066,381008.0,0.0078125,485.0,160.1640625,78.0,0.0,0.0078125,16384.0,2816.4609375,256.0,0.0078125,16384.0,2816.4609375,256.0,1.6419507772117142e-05,0.7261814224498714,0.10688418946596456,0.006255963817238808,261.7934860631358,23.034746187971905,0.0008996659889817238,,6.838887929916382e-05,328.0648863709066,3.9743026718497276e-05,40.723731260048226,1.3474711780436337,0.0,121.0
122,0.23149961326271296,17.91526985168457,0.0,0.5839889986174447,-0.003069403814151883,0.9971186603818621,1.0000003576278687,0.0019439589232206345,0.9999999971616835,1.0,1.0,0.45303109288215637,0.3526186943054199,0.23149961233139038,1e-06,127.31307601928711,34.86219358444214,44.564453125,0.0,0.0,0.0,0.012438749362315451,0.0,0.0,0.0,0.0,0.0,0.0,0.0,0.0,0.0,0.0,0.0,0.0,394035.0,394035.0,394035.0,394035.0,394035.0,0.0,2.0,2.0,2.0,16384.0,2923.5703125,154.828125,4296.0,1529.5,128.0,1.0,0.06981965841133413,0.04418060909278617,304.5418931070992,323.4653498569969,394035.0,0.0078125,405.0,154.828125,82.0,0.0,0.0078125,16384.0,2923.5703125,265.0,0.0078125,16384.0,2923.5703125,265.0,1.2266691929888005e-05,0.6778387334355396,0.11099923678854864,0.00483350595459342,253.6587773100473,23.349129047011957,0.0008996720425784588,,7.995497435331345e-05,323.4653498569969,4.0557002648711205e-05,43.73758426797576,1.5573930330574512,0.0,122.0
123,0.21682311361655593,15.090326309204102,0.0,0.5792472277368818,-0.0029270626560208342,0.9974557927676609,1.0000003576278687,4.514970714808442e-05,0.9999999914850507,1.0,1.0,0.41523247957229614,0.33581703901290894,0.21682311594486237,1e-06,121.75050735473633,34.86219358444214,44.564453125,0.0,0.0,0.0,0.010746983522992758,0.0,0.0,0.0,0.0,0.0,0.0,0.0,0.0,0.0,0.0,0.0,0.0,391728.0,391728.0,391728.0,391728.0,391728.0,0.0,2.0,2.0,2.0,16384.0,2913.21875,147.15625,5655.0,1640.421875,128.0,1.0,0.07095613503753179,0.042931511423982716,280.62053082434477,348.9837315620389,391728.0,0.0078125,323.0,147.15625,76.0,0.0,0.0078125,16384.0,2913.21875,255.0,0.0078125,16384.0,2913.21875,255.0,2.6737345971309508e-05,0.7504968934409129,0.10852078297683866,0.01047376706264913,279.8542875889689,23.958662181859836,0.0014361429493874311,,8.144997991621494e-05,348.9837315620389,3.9081089198589325e-05,42.510629273951054,1.4886754869949073,0.0,123.0
124,0.23526629013940692,31.14850616455078,0.0,0.5766533872355586,-0.0031740559447232795,0.9968375719111898,1.0000004768371582,0.0012128847884014249,0.9999999974084937,1.0,1.0,0.45931175351142883,0.3426710367202759,0.2352662831544876,1e-06,128.4776954650879,34.86219358444214,44.564453125,0.0,0.0,0.0,0.010051499637167739,0.0,0.0,0.0,0.0,0.0,0.0,0.0,0.0,0.0,0.0,0.0,0.0,430862.0,430862.0,430862.0,430862.0,430862.0,0.0,2.0,2.0,2.0,16384.0,3213.9140625,152.1953125,5469.0,1522.7265625,128.0,1.0,0.0701007139079367,0.04375516750445738,283.91797906769625,379.3894995790906,430862.0,0.015625,303.0,152.1953125,79.0,0.0,0.0078125,16384.0,3213.9140625,197.0,0.0078125,16384.0,3213.9140625,197.0,1.633653442813561e-05,0.7354382116337346,0.11116442331223095,0.007038791896775365,302.54530694009736,25.88814654503949,0.001282653072848916,,6.475904956459999e-05,379.3894995790906,3.5624951124191284e-05,47.89652575715445,1.859761921921745,0.0,124.0
125,0.21983003057539463,24.685544967651367,0.0,0.5840742821278779,-0.0029322260423846865,0.9972586035728455,1.0000004768371582,0.001658033113926649,1.0,1.0,1.0,0.42729607224464417,0.34280768036842346,0.21983003616333008,1e-06,127.49566268920898,34.86219358444214,44.564453125,0.0,0.0,0.0,0.01416055626696502,0.0,0.0,0.0,0.0,0.0,0.0,0.0,0.0,0.0,0.0,0.0,0.0,417919.0,417919.0,417919.0,417919.0,417919.0,0.0,2.0,2.0,2.0,16384.0,3116.2109375,148.78125,7875.0,1667.09375,128.0,1.0,0.07124852399914405,0.04365761813624857,293.62705207672303,355.82467371807434,417919.0,0.0078125,421.0,148.78125,79.0,0.0,0.0078125,16384.0,3116.2109375,170.0,0.0078125,16384.0,3116.2109375,170.0,1.2120077962679905e-05,0.709407475680365,0.10792010547950438,0.005065210862085223,282.9649068620056,25.270739695057273,0.0008953409269452095,,6.42179511487484e-05,355.82467371807434,4.2563071474432945e-05,45.10186256188899,1.3301926930435002,0.0,125.0
126,0.21673673065379262,25.328126907348633,0.0,0.5739848044785586,-0.0028828505680642343,0.9972541576082056,1.0000003576278687,0.0018872262444347143,0.9999999945813959,1.0,1.0,0.4305703639984131,0.3183356821537018,0.21673673391342163,1e-06,128.40900039672852,34.86219358444214,44.564453125,0.0,0.0,0.0,0.008499412942910567,0.0,0.0,0.0,0.0,0.0,0.0,0.0,0.0,0.0,0.0,0.0,0.0,401167.0,401167.0,401167.0,401167.0,401167.0,0.0,2.0,2.0,2.0,16384.0,2974.4765625,159.640625,16595.0,1689.3515625,128.0,1.0,0.0743464689676951,0.04536928520850186,299.82958017067165,334.4958490850404,401167.0,0.0078125,615.0,159.640625,86.0,0.0,0.015625,16384.0,2974.4765625,364.0,0.015625,16384.0,2974.4765625,364.0,1.2667966238039092e-05,0.6990915290195089,0.10514619819172943,0.005081970011815429,266.1672151181847,23.53633418516256,0.0009534698911011219,,7.574586197733879e-05,334.4958490850404,3.5969074815511703e-05,42.18118488998152,1.3940593639854342,0.0,126.0
127,0.22109087696298957,25.177278518676758,0.0,0.5779480308294296,-0.002952086116420105,0.9972562104463577,1.0000003576278687,0.0028906657826155424,0.9999999880790711,1.0,1.0,0.434190034866333,0.3504158854484558,0.2210908830165863,1e-06,127.67284393310547,34.86219358444214,44.564453125,0.0,0.0,0.0,0.010673732153372839,0.0,0.0,0.0,0.0,0.0,0.0,0.0,0.0,0.0,0.0,0.0,0.0,363896.0,363896.0,363896.0,363896.0,363896.0,0.0,2.0,2.0,2.0,16384.0,2676.0703125,166.8671875,16573.0,1728.3359375,128.0,1.0,0.06954390391834224,0.044642478438803264,286.206525094197,317.86137639614753,363896.0,0.0078125,1099.0,166.8671875,87.0,0.0,0.0078125,16384.0,2676.0703125,173.0,0.0078125,16384.0,2676.0703125,173.0,1.3098005919706422e-05,0.7408454223863346,0.11026649860634327,0.004766311962157488,253.76696844794787,21.418626997852698,0.001812780974432826,,6.299908272922039e-05,317.86137639614753,3.872206434607506e-05,40.12553777685389,1.3213965699542314,0.0,127.0
128,0.21588989160954952,16.245763778686523,0.0,0.5775025397539139,-0.002925790543667972,0.9973620146512985,1.0000003576278687,0.0010924325324594975,1.0,1.0,1.0,0.4075925648212433,0.321419358253479,0.21588988602161407,1e-06,155.68523025512695,34.86219358444214,44.564453125,0.0,0.0,0.0,0.008902597188716754,0.0,0.0,0.0,0.0,0.0,0.0,0.0,0.0,0.0,0.0,0.0,0.0,356658.0,356658.0,356658.0,356658.0,356658.0,0.0,2.0,2.0,2.0,8217.0,2637.3984375,148.9921875,5655.0,1581.84375,128.0,1.0,0.06831607979876976,0.04453956578927837,288.07559582793766,309.5177144170739,356658.0,0.0078125,389.0,148.9921875,86.0,0.0,0.0078125,8217.0,2637.3984375,296.0,0.0078125,8217.0,2637.3984375,296.0,1.2491069809634716e-05,0.7328837711763323,0.11040260264509888,0.004455039976164699,247.4120336601045,20.675418705912307,0.000711777014657855,,6.0376012697815895e-05,309.5177144170739,4.137190990149975e-05,39.37597145419568,1.445750909857452,0.0,128.0
129,0.2255970947444439,26.598764419555664,0.0,0.581604136073071,-0.0030055775853764753,0.9971843750580497,1.0000003576278687,0.002087486209347844,0.9999999974084937,1.0,1.0,0.4419225752353668,0.31572791934013367,0.2255970984697342,1e-06,170.3959732055664,34.86219358444214,44.564453125,0.0,0.0,0.0,0.013088354520099845,0.0,0.0,0.0,0.0,0.0,0.0,0.0,0.0,0.0,0.0,0.0,0.0,421753.0,421753.0,421753.0,421753.0,421753.0,0.0,2.0,2.0,2.0,16384.0,3137.2109375,157.734375,7977.0,1765.4453125,128.0,1.0,0.07057647625431425,0.043339897517724886,283.5938288553638,371.79317485704087,421753.0,0.0078125,846.0,157.734375,84.0,0.0,0.0078125,16384.0,3137.2109375,388.0,0.0078125,16384.0,3137.2109375,388.0,1.393027894545726e-05,0.7404220203428061,0.10917321112382626,0.005875136936083436,297.32608775491826,25.556307094171643,0.001535091083496809,,0.0001001749187707901,371.79317485704087,3.9661070331931114e-05,46.0441293111071,1.5897111729718745,0.0,129.0
130,0.2189240616353345,21.96887969970703,0.0,0.5792742211085099,-0.002887435875891242,0.9972309218003199,1.0000004768371582,0.002299092710018158,0.9999999977075137,1.0,1.0,0.4285295903682709,0.30007314682006836,0.21892406046390533,1e-06,177.74559783935547,34.86219358444214,44.564453125,0.0,0.0,0.0,0.009460730792712778,0.0,0.0,0.0,0.0,0.0,0.0,0.0,0.0,0.0,0.0,0.0,0.0,476726.0,476726.0,476726.0,476726.0,476726.0,0.0,2.0,2.0,2.0,16384.0,3572.5234375,151.8984375,16564.0,1774.8359375,128.0,1.0,0.07289628908447264,0.044083854671645606,295.426767231114,403.42146758409217,476726.0,0.0078125,317.0,151.8984375,82.0,0.0,0.015625,16384.0,3572.5234375,295.0,0.015625,16384.0,3572.5234375,295.0,1.3840919405989993e-05,0.7012501439982205,0.10764525705947854,0.0065983261447399855,320.6697695979383,28.838909728918225,0.001780589111149311,,8.635083213448524e-05,403.42146758409217,4.222290590405464e-05,51.31729281693697,1.4155004899948835,0.0,130.0
131,0.2210538354702294,14.59759521484375,0.0,0.5779583318666979,-0.0029658696889369326,0.9971391423182054,1.0000004768371582,0.00029988231835886836,1.0,1.0,1.0,0.43980127573013306,0.3263610005378723,0.2210538387298584,1e-06,171.80192184448242,34.86219358444214,44.564453125,0.0,0.0,0.0,0.008736375565852293,0.0,0.0,0.0,0.0,0.0,0.0,0.0,0.0,0.0,0.0,0.0,0.0,398887.0,398887.0,398887.0,398887.0,398887.0,0.0,2.0,2.0,2.0,16384.0,2949.8203125,166.484375,16553.0,1742.7890625,128.0,1.0,0.0697413075497073,0.045135791731508536,285.2771860416401,349.56090034288354,398887.0,0.0078125,1433.0,166.484375,83.0,0.0,0.0078125,16384.0,2949.8203125,308.0,0.0078125,16384.0,2949.8203125,308.0,1.715709223878618e-05,0.7406470786197257,0.11034604099131876,0.006843741051852703,279.6513020040002,23.263775233877823,0.001832237932831049,,9.06321220099926e-05,349.56090034288354,4.805484786629677e-05,44.01560125290416,1.4101950661279261,0.0,131.0
132,0.21715852711349726,17.77347755432129,0.0,0.5819618155558904,-0.0028978066111449152,0.9974563991030058,1.0000003576278687,0.0039491672068834305,0.9999999950329462,1.0,1.0,0.4265177845954895,0.3039182722568512,0.21715852618217468,1e-06,161.9105110168457,34.86219358444214,44.564453125,0.0,0.0,0.0,0.011327725117250035,0.0,0.0,0.0,0.0,0.0,0.0,0.0,0.0,0.0,0.0,0.0,0.0,428404.0,428404.0,428404.0,428404.0,428404.0,0.0,2.0,2.0,2.0,8379.0,3187.078125,159.828125,5030.0,1601.65625,128.0,1.0,0.07009950182349145,0.04266397722532253,296.7745078051675,360.88342220522463,428404.0,0.0078125,1108.0,159.828125,83.0,0.0,0.0078125,8379.0,3187.078125,312.0,0.0078125,8379.0,3187.078125,312.0,1.1182145416120806e-05,0.7018048471733553,0.1084496477205105,0.004790475824847817,286.2984801849816,25.990354393143207,0.0020662411116063595,,7.427600212395191e-05,360.88342220522463,3.478280268609524e-05,46.46026288205758,1.4012161209248006,0.0,132.0
133,0.2267056917771697,24.871902465820312,0.0,0.576181560754776,-0.003039457214375337,0.9971211403608322,1.0000004768371582,0.0027992487885057926,0.9999999975164732,1.0,1.0,0.4456697404384613,0.32262516021728516,0.22670570015907288,1e-06,166.9198989868164,34.86219358444214,44.564453125,0.0,0.0,0.0,0.012960139807546511,0.0,0.0,0.0,0.0,0.0,0.0,0.0,0.0,0.0,0.0,0.0,0.0,447789.0,447789.0,447789.0,447789.0,447789.0,0.0,2.0,2.0,2.0,16384.0,3341.765625,156.5859375,4870.0,1490.7734375,128.0,1.0,0.07255849498461507,0.04548682633895306,305.48994557005744,366.4515039639082,447789.0,0.0078125,381.0,156.5859375,86.0,0.0,0.015625,16384.0,3341.765625,206.0,0.015625,16384.0,3341.765625,206.0,1.2193269610557777e-05,0.6766302877337265,0.10729460953008384,0.0054600120056420565,289.4258990569506,26.382125492906198,0.0016246889717876911,,7.33670312911272e-05,366.4515039639082,3.862590529024601e-05,48.045345906866714,1.3865260290913284,0.0,133.0
134,0.21383755933493376,17.75356674194336,0.0,0.5798342257738114,-0.0028606823878362777,0.9974164217710495,1.0000003576278687,0.0046666269190609455,1.0,1.0,1.0,0.4170086085796356,0.3336658477783203,0.21383756399154663,1e-06,117.24070358276367,34.86219358444214,44.564453125,0.0,0.0,0.0,0.011363573608468869,0.0,0.0,0.0,0.0,0.0,0.0,0.0,0.0,0.0,0.0,0.0,0.0,361882.0,361882.0,361882.0,361882.0,361882.0,0.0,2.0,2.0,2.0,8732.0,2666.9921875,160.2109375,7410.0,1603.6796875,128.0,1.0,0.06945023489133673,0.044312844749904455,281.4396382116139,321.4561409149319,361882.0,0.0078125,430.0,160.2109375,85.0,0.0,0.0078125,8732.0,2666.9921875,306.0,0.0078125,8732.0,2666.9921875,306.0,1.0803986025902393e-05,0.7574142776061352,0.10954225464110619,0.00390976807102561,258.56229901779443,21.183876828989014,0.000916345976293087,,6.839982233941555e-05,321.4561409149319,3.7182122468948364e-05,39.64137019403279,1.4210993538144976,0.0,134.0
135,0.21848042076453567,20.29865837097168,0.0,0.5689706827203432,-0.002939066670175331,0.9970325802763303,1.0000003576278687,0.002310019452124834,0.9999999975164732,1.0,1.0,0.42379066348075867,0.3097895383834839,0.2184804379940033,1e-06,120.8176498413086,34.86219358444214,44.564453125,0.0,0.0,0.0,0.010371571227248447,0.0,0.0,0.0,0.0,0.0,0.0,0.0,0.0,0.0,0.0,0.0,0.0,443162.0,443162.0,443162.0,443162.0,443162.0,0.0,2.0,2.0,2.0,16384.0,3313.2265625,148.9765625,6375.0,1637.859375,128.0,1.0,0.07454991858552519,0.046775788578635714,288.9865022064316,383.3760371301323,443162.0,0.0078125,385.0,148.9765625,85.0,0.0,0.03125,16384.0,3313.2265625,260.0,0.03125,16384.0,3313.2265625,260.0,1.108056186301392e-05,0.7249117684301147,0.10718729282050904,0.004910483956336975,307.4300066088326,25.911178378853947,0.0010565819684416056,,6.32640440016985e-05,383.3760371301323,3.8733938708901405e-05,47.50133506092243,1.3372502031270415,0.0,135.0
136,0.22191484132781625,24.833797454833984,0.0,0.5813712529514147,-0.002961292468092364,0.9972564966782279,1.0000004768371582,0.0018818809185177088,0.9999999974084937,1.0,1.0,0.4311889708042145,0.3121607303619385,0.2219148427248001,1e-06,129.54747009277344,34.86219358444214,44.564453125,0.0,0.0,0.0,0.012064925535409913,0.0,0.0,0.0,0.0,0.0,0.0,0.0,0.0,0.0,0.0,0.0,0.0,431328.0,431328.0,431328.0,431328.0,431328.0,0.0,2.0,2.0,2.0,16384.0,3201.5546875,168.1953125,16594.0,1719.0703125,128.0,1.0,0.07173707831873814,0.043892049985681116,284.09740792645835,379.55995722394437,431328.0,0.0078125,785.0,168.1953125,87.0,0.0,0.0078125,16384.0,3201.5546875,137.0,0.0078125,16384.0,3201.5546875,137.0,1.1638347365576212e-05,0.742766140498292,0.1076518962968692,0.005019945092499256,304.3848216100596,26.11618684604764,0.0013171150349080563,,6.4115971326828e-05,379.55995722394437,3.519700840115547e-05,46.433277125936,1.4045644940342754,0.0,136.0
137,0.21883724350482225,22.364652633666992,0.0,0.572241242285128,-0.002910673178525435,0.9971164774011683,1.0000004768371582,0.0008147673215717077,0.9999999955848411,1.0,1.0,0.43463876843452454,0.29979407787323,0.21883723139762878,1e-06,172.4940071105957,34.86219358444214,44.564453125,0.0,0.0,0.0,0.012332767058439829,0.0,0.0,0.0,0.0,0.0,0.0,0.0,0.0,0.0,0.0,0.0,0.0,489451.0,489451.0,489451.0,489451.0,489451.0,0.0,2.0,2.0,2.0,16384.0,3663.0390625,160.796875,5653.0,1701.9453125,128.0,1.0,0.07351285581631756,0.044264033557361804,309.7864588942569,394.9906346350908,489451.0,0.0078125,448.0,160.796875,84.0,0.0,0.0234375,16384.0,3663.0390625,225.0,0.0234375,16384.0,3663.0390625,225.0,1.0227722422576816e-05,0.6627366288153091,0.10662574676326268,0.005005968967452645,310.7366604160052,29.489694997901097,0.0016518321353942156,,7.091299630701542e-05,394.9906346350908,3.791484050452709e-05,52.18807837902568,1.4722334009129554,0.0,137.0
138,0.2268633279018104,25.081296920776367,0.0,0.5852994478267172,-0.00301005810742145,0.9971103331317073,1.0000003576278687,0.004081065766513348,0.9999999974084937,1.0,1.0,0.451721727848053,0.3449452817440033,0.2268633246421814,1e-06,153.08819580078125,34.86219358444214,44.564453125,0.0,0.0,0.0,0.011458369617289662,0.0,0.0,0.0,0.0,0.0,0.0,0.0,0.0,0.0,0.0,0.0,0.0,417792.0,417792.0,417792.0,417792.0,417792.0,0.0,2.0,2.0,2.0,16384.0,3109.34375,154.65625,10716.0,1760.359375,128.0,1.0,0.06718818250910957,0.04303282944503944,269.46636216431415,387.61053201998584,417792.0,0.0078125,759.0,154.65625,84.0,0.0,0.0078125,16384.0,3109.34375,158.0,0.0078125,16384.0,3109.34375,158.0,1.6147681083334736e-05,0.7785523727725258,0.11563920552796791,0.006746371975168586,309.86073015397415,26.198686552001163,0.0011245198547840118,,6.767199374735355e-05,387.61053201998584,3.690691664814949e-05,48.31313495594077,1.800778111210093,0.0,138.0
139,0.22753184707835317,28.104429244995117,0.0,0.5791283301685167,-0.0030241804804814897,0.9969498307808585,1.0000003576278687,0.00465773232281208,0.9999999948169874,1.0,1.0,0.45221030712127686,0.3371768295764923,0.22753185033798218,1e-06,145.52045059204102,34.86219358444214,44.564453125,0.0,0.0,0.0,0.010897412390002737,0.0,0.0,0.0,0.0,0.0,0.0,0.0,0.0,0.0,0.0,0.0,0.0,425171.0,425171.0,425171.0,425171.0,425171.0,0.0,2.0,2.0,2.0,16384.0,3165.2734375,156.375,16613.0,1808.3046875,128.0,1.0,0.07149068013271453,0.04298187013721191,256.1246323849877,415.00401195394807,425171.0,0.0078125,465.0,156.375,80.0,0.0,0.0234375,16384.0,3165.2734375,300.0,0.0234375,16384.0,3165.2734375,300.0,1.7578388585490137e-05,0.7427216948427664,0.11069488612847604,0.007473821053281426,300.917408274021,26.66116167185828,0.0014481290709227324,37.145504910033196,0.00011841300874948502,415.00401195394807,4.247482866048813e-05,47.06425543013029,1.838988821953535,0.0,139.0
